,,,,,,,,,,,,,,,,,,,,,,,,,,,,,
,,,,,,,,,,,,,,,,,,,,,,,,,,,,,
,PLAYER,TEAM,AGE,GP,W,L,MIN,PTS,FGM,FGA,FG%,0.625,3PA,3P%,FTM,FTA,FT%,OREB,DREB,REB,AST,TOV,STL,BLK,PF,FP,DD2,TD3,(+/-)
1,James Harden,HOU,29,38,23,15,37.1,34.1,9.9,22.6,43.8,4.9,12.6,39,9.4,11,85.6,0.7,5.4,6.1,8.7,5.7,2,0.6,3.4,56.7,16,6,2.3
2,Anthony Davis,NOP,25,38,19,19,36.9,28.9,10.4,20.2,51.2,1,3,32.5,7.2,9,80.6,3.4,9.9,13.3,4.4,2.1,1.7,2.6,2.6,62.5,30,0,4.6
3,Stephen Curry,GSW,30,31,23,8,34.5,28.8,9.6,19.8,48.7,5,11.4,44.3,4.5,4.9,91.5,0.7,4.5,5.2,5.6,3.1,1.3,0.3,2.5,45.1,1,0,9.5
4,Kevin Durant,GSW,30,42,28,14,35.6,28.2,9.7,19.2,50.7,1.8,5,36.8,7,7.6,91.3,0.5,6.9,7.3,6.1,3.4,0.8,1,1.9,48.3,12,2,7.8
5,LeBron James,LAL,34,34,20,14,34.7,27.3,10,19.3,51.8,2,5.6,35.6,5.3,7.8,68.2,0.9,7.4,8.3,7.1,3.4,1.3,0.7,1.6,50.6,17,3,2.8
6,Kawhi Leonard,TOR,27,34,24,10,34.6,27.1,9.5,18.9,50.2,1.7,4.7,36.9,6.4,7.6,84.5,1.3,6.6,7.9,3.1,2,1.9,0.5,1.5,46.3,10,0,5.6
7,Joel Embiid,PHI,24,40,26,14,33.7,26.9,8.9,18.2,49,1.2,3.8,30.1,8,9.9,80.6,2.3,11.1,13.5,3.5,3.5,0.6,1.9,3.3,52.2,36,1,4.6
8,Paul George,OKC,28,41,25,16,35.7,26.7,9.1,20.5,44.5,3.3,8.7,38.3,5.1,6.2,82.6,1.5,6.6,8.1,3.9,2.7,2.2,0.5,2.8,47.7,14,0,7.1
9,Giannis Antetokounmpo,MIL,24,38,27,11,33.6,26.6,9.9,17.1,58.1,0.4,2.4,16.7,6.3,9,69.9,2.4,10.4,12.8,6,4.1,1.3,1.5,3.4,55.3,28,3,7.9
10,Damian Lillard,POR,28,43,26,17,35.2,25.8,8.5,19,44.6,2.9,7.6,38.4,5.9,6.6,89.8,0.8,3.7,4.5,6.1,2.8,1,0.5,1.8,42.3,5,0,3.7
11,Blake Griffin,DET,29,39,18,21,36,25.6,8.7,18.1,47.8,2.4,6.6,36.3,5.8,7.7,75.7,1.3,7,8.3,5.3,3.8,0.8,0.5,2.8,43.4,15,1,-0.6
12,Kemba Walker,CHA,28,42,19,23,34.2,25,8.6,19.8,43.4,3.2,8.9,35.5,4.7,5.8,81.4,0.5,3.7,4.2,5.7,2.6,1.2,0.5,1.7,41,2,0,0.2
13,Devin Booker,PHX,22,31,8,23,35.2,24.8,8.8,19.4,45.2,2.3,6.9,32.6,5,6,84.3,0.6,3.1,3.7,6.9,3.8,1.1,0.2,3.4,39.6,4,0,-4.4
14,Bradley Beal,WAS,25,43,18,25,36.7,24.4,9.1,19.2,47.3,2.5,7.1,35.2,3.7,4.7,80,1,3.8,4.8,4.8,2.7,1.3,0.8,3,41.1,4,1,-1.7
15,Zach LaVine,CHI,23,37,7,30,34.1,23.6,8.3,18.2,45.7,1.8,5.1,35.8,5.1,5.9,86.7,0.4,3.9,4.3,4.1,3.6,0.9,0.5,2.3,35.6,1,0,-6.4
16,Kyrie Irving,BOS,26,38,22,16,32.1,22.7,8.6,17.7,48.9,2.5,6.3,39.7,2.9,3.4,85.4,1.2,3.6,4.8,6.4,2.5,1.6,0.4,2.2,41.8,8,0,6.9
17,Karl-Anthony Towns,MIN,23,43,21,22,33.6,22.4,8.2,16.5,49.6,1.7,4.6,37.9,4.3,5.2,83,3.4,9.1,12.6,3,2.9,0.9,2,3.8,47.6,28,0,2.4
18,DeMar DeRozan,SAS,29,44,25,19,35.3,22.1,8.4,18.1,46.6,0.2,0.9,17.5,5,6.1,82.5,0.8,5.4,6.2,6.4,2.5,1,0.5,2.3,41.2,8,1,0
19,Klay Thompson,GSW,28,42,28,14,34.5,21.8,8.5,18.8,45.3,2.8,7.5,36.6,2,2.5,80.2,0.5,3.7,4.1,2,1.6,1.2,0.7,2,34,0,0,3
20,Russell Westbrook,OKC,30,34,21,13,35.3,21.4,8.4,20,42.1,1.1,4.7,23.3,3.5,5.5,63.1,1.4,9.5,10.8,10.6,4.7,2.5,0.3,3.5,54,25,13,6.6
21,Donovan Mitchell,UTA,22,40,22,18,32.9,21.3,7.9,18.8,42.1,2.2,6.9,32.5,3.3,4.1,79.3,0.6,3.1,3.7,3.7,2.7,1.6,0.4,2.7,34.4,0,0,2.5
22,CJ McCollum,POR,27,42,25,17,34.2,21.1,8.3,18,46.2,2,5.9,33.7,2.4,2.9,82.8,0.9,2.9,3.7,2.6,1.5,0.8,0.4,2.5,31.5,0,0,3.8
23,Jrue Holiday,NOP,28,43,20,23,36.6,20.8,8.1,16.8,48,1.6,5,32.6,3,3.9,77.8,1.2,3.4,4.6,8.2,3.5,1.7,0.8,2.6,42.5,13,0,5
24,Tobias Harris,LAC,26,42,24,18,34.2,20.8,7.8,15.5,50.2,1.9,4.5,43.3,3.3,3.8,88.6,0.7,7.4,8.1,2.2,2,0.8,0.4,2.1,35.3,11,0,1.4
25,John Wall,WAS,28,32,11,21,34.5,20.7,7.7,17.3,44.4,1.6,5.3,30.2,3.8,5.5,69.7,0.5,3.2,3.6,8.7,3.8,1.5,0.9,2.2,41.7,10,0,-4.8
26,LaMarcus Aldridge,SAS,33,44,25,19,32.6,20.6,8.1,16,51,0,0.3,13.3,4.3,5.1,84.3,2.8,5.8,8.6,2.4,1.8,0.5,1.1,2.1,37.8,12,0,0.6
27,Mike Conley,MEM,31,41,19,22,33.9,20.2,6.8,16.2,41.8,2.2,6.1,35.5,4.5,5.3,84.4,0.6,2.7,3.3,6.2,1.8,1.3,0.4,1.7,36.9,5,0,1.9
28,Buddy Hield,SAC,26,43,22,21,31.3,20.1,7.6,16,47.5,3.3,7.4,44.3,1.7,1.9,85.5,1.2,3.7,4.9,2.3,1.9,0.5,0.3,2.4,29.9,2,0,0.3
29,Nikola Vucevic,ORL,28,41,18,23,30.7,20.1,8.4,15.9,52.5,1.2,3.1,38.1,2.2,2.8,76.7,2.5,9.4,12,3.7,2,1,1.1,2,44.4,28,1,0.2
30,Luka Doncic,DAL,19,41,19,22,32.1,20,6.6,15.1,43.5,2.4,6.5,36.8,4.5,6.2,73.5,1.1,5.6,6.7,5,3.2,1.1,0.3,1.8,36.6,7,0,0.5
31,Julius Randle,NOP,24,42,20,22,29.4,19.9,7.3,13.5,54.3,0.6,1.8,31.2,4.7,6.4,72.6,2.3,7,9.3,2.9,2.5,0.6,0.6,3.4,36.3,21,1,1.5
32,Victor Oladipo,IND,26,31,21,10,32.5,19.8,7.3,16.7,43.8,2.2,6.2,34.7,3,4.2,72.9,0.5,5.4,5.8,5.2,2.4,1.7,0.4,2,38.3,5,0,3
33,Tim Hardaway Jr.,NYK,26,39,10,29,32.9,19.8,6.4,16.3,39.2,2.6,7.5,34.7,4.4,5.2,85.6,0.6,2.8,3.4,2.7,1.9,0.9,0.1,2.3,29.2,1,0,-6.7
34,Danilo Gallinari,LAC,30,41,23,18,31.8,19.5,5.9,13,45.4,2.4,5.4,44.4,5.3,5.8,91.1,1,5.2,6.1,2.5,1.4,0.7,0.3,2,32.2,3,0,0.5
35,Jimmy Butler,PHI,29,34,19,15,33.2,19.5,6.9,14.6,47.1,1.3,3.4,37.9,4.5,5.4,83.7,1.8,3.2,4.9,3.6,1.6,2.1,0.6,1.8,37.3,2,0,0.1
36,Nikola Jokic,DEN,23,41,28,13,31.3,19.2,7.3,14.5,50.1,1.1,3.5,31.3,3.6,4.3,84.1,2.8,7.4,10.2,7.5,3.2,1.4,0.8,2.8,46,27,5,4.1
37,John Collins,ATL,21,26,9,17,30,19.1,7.8,13.3,58.2,0.8,2.3,35.6,2.7,3.8,71,4,6.6,10.5,2.3,2.3,0.2,0.4,3.3,34.9,16,0,-1
38,Kevin Love,CLE,30,4,0,4,33.9,19,5.3,16.3,32.3,1.8,6,29.2,6.8,8.3,81.8,2.5,11,13.5,3.5,2.5,0.3,0.3,3.5,39.5,3,0,-8.5
39,Derrick Rose,MIN,30,33,14,19,29.7,18.9,7.4,15.2,48.6,1.6,3.4,46.8,2.6,3.1,84.2,0.6,2.2,2.8,4.8,1.8,0.7,0.3,1.2,30.8,1,0,1.4
40,Lou Williams,LAC,32,38,24,14,25.3,18.6,5.9,13.9,42.5,1.4,3.5,39.1,5.4,6,90.7,0.4,2.2,2.6,4.9,2.4,0.6,0.1,0.9,28.7,3,0,4.4
41,Kyle Kuzma,LAL,23,41,23,18,32.7,18.6,7,15.2,46.4,1.8,6,30,2.7,3.5,76.8,0.7,5.1,5.8,2.4,1.9,0.6,0.4,2.2,30.4,2,0,1.5
42,T.J. Warren,PHX,25,38,10,28,31.6,18.5,7.1,14.5,49,1.9,4.4,42.9,2.4,2.9,81.1,0.7,3.4,4.1,1.6,1.2,1.2,0.7,2.9,30.1,0,0,-3.9
43,Caris LeVert,BKN,24,14,6,8,29.7,18.4,6.9,14.6,47.5,1.4,4.4,31.1,3.1,4.4,72.1,1,3.3,4.3,3.7,2.1,1.2,0.4,2.4,31.6,0,0,-1.9
44,JJ Redick,PHI,34,41,26,15,31.1,18.3,6.2,14,44.3,2.9,7.8,37.4,3,3.4,89.9,0.2,2,2.2,2.8,1.4,0.4,0.2,1.9,25.6,0,0,4.5
45,D'Angelo Russell,BKN,22,43,21,22,29.3,18.3,7.2,16.8,42.9,2.4,6.7,35.6,1.6,1.9,81.7,0.5,3.3,3.8,6.3,2.9,1.1,0.3,1.7,33.6,4,0,-0.3
46,Jamal Murray,DEN,21,41,28,13,34.2,18.3,7,16.5,42.5,1.7,5.2,33.5,2.6,3.1,82.2,1,3.6,4.7,5,2.6,0.9,0.4,2.1,32.7,2,0,3.3
47,Harrison Barnes,DAL,26,38,18,20,32,18.1,6.1,14.5,41.8,2.6,6.3,41.3,3.4,4.1,83.9,0.8,3.4,4.2,1.1,1.4,0.8,0.3,1.7,26.6,1,0,-1.9
48,Josh Richardson,MIA,25,40,20,20,34.8,18,6.2,15.3,40.8,2.5,6.7,37.5,3.1,3.6,86,0.9,3.1,3.9,3.9,1.8,1.1,0.5,2.9,31.8,1,0,2.3
49,De'Aaron Fox,SAC,21,43,22,21,31.5,17.9,6.5,13.6,47.4,1.1,3,37.7,3.9,5.3,72.2,0.6,3,3.6,7.2,3,1.8,0.6,2.5,37.1,9,1,1.3
50,Andrew Wiggins,MIN,23,39,20,19,34.4,17.9,6.5,16.1,40.3,1.7,4.9,34.4,3.2,4.4,74.1,0.9,3.3,4.2,2.3,1.7,1.1,0.6,2,29.6,1,0,1
51,Khris Middleton,MIL,27,39,27,12,31.3,17.8,6.2,14.2,43.6,2.6,6.8,38.3,2.9,3.4,85,0.4,5.2,5.6,4.1,2.2,1.2,0.1,2.6,32.5,1,0,6.5
52,Clint Capela,HOU,24,41,24,17,34.1,17.6,7.5,11.9,63,0,0,0,2.6,4.2,62.8,5,7.7,12.6,1.4,1.6,0.6,1.9,2.7,40.8,28,0,0.9
53,Jordan Clarkson,CLE,26,42,7,35,26.5,17.1,6.8,14.9,45.7,1.8,5.3,33.8,1.8,2.1,85.2,1,2.3,3.3,2.2,1.7,0.8,0.2,1.7,25.8,1,0,-5.5
54,Nikola Mirotic,NOP,27,27,12,15,29.6,17,5.9,13.1,45.3,2.5,7.2,35.1,2.7,3.2,82.8,1.5,7.4,8.9,1,1.2,0.7,0.7,2.5,32.3,11,0,1.1
55,Spencer Dinwiddie,BKN,25,44,21,23,28.5,16.9,5.5,12,45.5,1.9,5.3,36.4,4.1,5.1,79.6,0.4,2.1,2.5,5,2.3,0.6,0.2,2.8,27.7,1,0,-1.5
56,Andre Drummond,DET,25,41,18,23,33.4,16.8,7,14,50.3,0.1,0.7,13.8,2.6,5,51.9,5.2,9.8,15,1.2,2.6,1.6,1.8,3.5,44.1,34,0,-1.1
57,Deandre Ayton,PHX,20,44,11,33,31,16.6,7.3,12.2,59.7,0,0,0,2.1,2.7,77.8,3.1,7.5,10.7,2.1,1.8,0.8,1,2.9,35.9,26,0,-4.8
58,Ben Simmons,PHI,22,42,27,15,33.4,16.5,6.7,11.6,57.6,0,0,0,3.2,5.6,57,2.1,7,9.1,8.1,3.5,1.4,0.7,2.6,42.5,27,7,1.3
59,Lauri Markkanen,CHI,21,20,5,15,31.2,16.5,6.2,14.4,43.1,2.3,6.1,36.9,1.9,2.3,82.2,1.1,6,7.1,1.1,1.7,1,0.8,2.3,30.1,4,0,-7.4
60,Brandon Ingram,LAL,21,32,18,14,32,16.3,6.3,13.5,46.4,0.5,1.8,30.4,3.2,5.1,62.2,0.8,3.9,4.8,2.6,2.5,0.6,0.7,2.6,27.3,1,0,1.4
61,Bojan Bogdanovic,IND,29,42,28,14,31.6,16.2,5.8,11.5,50,2,4.4,44.6,2.7,3.3,81.3,0.6,3.4,4,1.7,1.6,0.9,0,1.5,24.7,0,0,3
62,Jayson Tatum,BOS,20,42,25,17,31,16.2,5.9,13.3,44.5,1.7,4.7,36.7,2.6,3,85.8,1,5.3,6.3,1.7,1.5,1.1,0.7,2.2,30,4,0,6
63,Serge Ibaka,TOR,29,40,30,10,28.1,16.1,6.7,12.5,53.4,0.8,2.7,29.2,2,2.5,80.6,1.9,5.4,7.3,1.5,1.9,0.5,1.4,3.1,31,4,0,6.2
64,Gary Harris,DEN,24,25,17,8,31.3,16,5.8,13.5,43.2,1.7,5.2,33.3,2.6,3.2,80.2,0.8,2.6,3.3,2.8,1.1,1,0.4,2.2,27.2,0,0,4.6
65,Montrezl Harrell,LAC,24,42,24,18,25.3,15.8,6.2,9.8,63,0,0.1,25,3.4,5.5,62.4,2.4,4.3,6.8,1.7,1.3,0.9,1.5,2.9,32.4,10,0,0.9
66,Marc Gasol,MEM,33,42,19,23,34.2,15.7,5.6,12.8,44,1.5,4.2,36,3,3.8,77,1,7.6,8.6,4.5,2.1,1.3,1.4,2.9,38.7,15,0,-0.1
67,Malcolm Brogdon,MIL,26,38,27,11,29.6,15.7,6,11.4,52.2,1.6,3.7,43,2.1,2.2,98.8,1,3.6,4.7,3.5,1.7,0.6,0.2,1.6,27.4,0,0,5.8
68,Eric Gordon,HOU,30,32,18,14,33.1,15.7,5.6,14.6,38.1,2.6,8.5,30.3,2,2.5,77.8,0.4,2,2.4,2.2,1.5,0.5,0.4,2.2,23.1,0,0,2.1
69,Chris Paul,HOU,33,26,16,10,33.2,15.6,5.3,12.7,41.5,2,5.8,35.3,3,3.7,81.3,0.6,3.4,4,8,3,2.1,0.3,2.6,36.6,6,1,0.8
70,Trae Young,ATL,20,42,13,29,29.5,15.6,5.5,13.8,39.4,1.5,5.1,29.1,3.2,4,79.3,0.6,2.3,2.9,7.2,4,1,0.3,1.6,29.5,12,0,-6.5
71,Marcus Morris,BOS,29,38,23,15,27.4,15.6,5.5,11,50.1,2.3,5.2,45.2,2.2,2.6,86.6,0.8,5.2,6,1.4,1.3,0.6,0.3,2.6,26.2,3,0,5
72,Aaron Gordon,ORL,23,40,17,23,33.5,15.5,5.8,13.1,44.4,1.5,4.3,35.3,2.4,3.3,71.2,1.7,6,7.6,3.3,1.9,0.8,0.7,2.3,32.3,11,0,-0.6
73,Steven Adams,OKC,25,41,25,16,33.9,15.4,6.4,10.6,60.1,0,0,0,2.6,4.7,55.2,4.7,5.4,10.1,1.7,1.5,1.5,0.8,2.6,35.3,18,0,7.3
74,Dennis Schroder,OKC,25,41,25,16,29.3,15.3,5.9,14.3,40.9,1.3,4.1,31.1,2.3,2.8,82.6,0.5,3.1,3.7,4.4,2.5,1,0.2,2.4,27.3,1,0,2.9
75,Bogdan Bogdanovic,SAC,26,31,15,16,28,15.3,5.6,13,42.9,2.1,5.8,36.9,2,2.5,80.5,0.5,3.3,3.7,3.9,1.7,0.9,0.2,1.9,27,0,0,0.7
76,Goran Dragic,MIA,32,14,6,8,29.1,15.3,5.5,13.4,41,1.6,5,31.4,2.7,3.6,76,0.6,2.5,3.1,4.9,2.5,0.7,0.3,2.1,26.8,1,0,2.1
77,Jusuf Nurkic,POR,24,43,26,17,27,15.2,5.7,11.2,51.5,0.1,0.6,12.5,3.7,5,74.2,3.4,7,10.4,2.9,2.3,1.1,1.4,3.1,37.3,21,0,4.7
78,Domantas Sabonis,IND,22,40,26,14,25.5,15.2,6,9.7,62.2,0.1,0.2,71.4,3.1,4,77.4,2.7,7.1,9.7,3,2.3,0.7,0.5,3.1,32.5,19,0,3.4
79,Jeremy Lamb,CHA,26,39,18,21,29.1,15.1,5.5,12.4,44.6,1.3,3.7,34.5,2.7,3.2,85.6,0.8,4.8,5.6,1.9,0.9,1,0.3,2,27.6,3,0,0.3
80,Eric Bledsoe,MIL,29,41,29,12,29.5,15.1,5.8,12,48.4,1.4,4.6,31,2,2.8,74.3,1.1,3.4,4.5,5.6,2.3,1.4,0.4,2.3,32,3,0,6.5
81,Taurean Prince,ATL,24,21,5,16,28.7,15,5.2,12.1,43.1,2.4,6.6,36.7,2.1,2.6,83.3,0.3,3.7,4,2.3,2.6,1.1,0.3,3,25.1,0,0,-8.5
82,Pascal Siakam,TOR,24,43,32,11,30.6,15,5.9,10.2,57.3,0.7,2.1,33.7,2.6,3.3,77.1,1.5,5.2,6.6,2.8,1.8,1,0.7,3,30.3,8,0,6.9
83,Jabari Parker,CHI,23,31,6,25,29.2,14.7,5.9,13.1,45.2,0.9,3.1,29.5,2,2.8,72.4,1.1,5.7,6.8,2.2,2.5,0.6,0.3,2.2,26.5,5,0,-6.4
84,Evan Fournier,ORL,26,41,18,23,30.6,14.7,5.6,13.1,42.9,2,6,33.9,1.5,1.9,75.9,0.5,2.5,3,3.6,2.1,0.8,0.2,2.9,24.6,1,0,-0.8
85,Reggie Jackson,DET,28,41,18,23,28.4,14.7,5,12.4,40.1,2,5.8,33.9,2.8,3.2,86.5,0.7,2.1,2.7,4.2,2,0.7,0.1,2.9,24.8,0,0,-2.5
86,Rudy Gobert,UTA,26,44,23,21,31.4,14.7,5.5,8.5,65.1,0,0,0,3.7,5.8,63.5,3.6,8.9,12.5,2.1,1.5,0.9,2,2.8,40.2,35,0,3.8
87,Collin Sexton,CLE,20,43,8,35,29.6,14.6,5.6,13.6,41.5,0.8,2.2,38.7,2.5,2.8,88.4,0.6,2.3,3,2.8,2.3,0.5,0.1,2.6,21.8,1,0,-9.7
88,Enes Kanter,NYK,26,41,10,31,26.5,14.4,5.9,10.8,54.3,0.2,0.5,35,2.5,3.1,81.7,4,6.9,11,2,1.9,0.4,0.4,2.6,31.3,25,0,-4.9
89,Emmanuel Mudiay,NYK,22,35,9,26,26.6,14.3,5.5,12.2,44.6,1.1,3.4,31.9,2.3,3.2,73.9,0.6,2.3,2.9,4.1,1.9,0.8,0.4,1.8,25.6,0,0,-4.3
90,Kyle Lowry,TOR,32,33,25,8,33.6,14.1,4.8,11.2,43.1,2.1,6.5,32.6,2.3,2.8,83.7,0.4,3.8,4.3,9.6,2.7,1.5,0.5,2.3,36.8,12,1,8.7
91,Kent Bazemore,ATL,29,35,11,24,27.4,14,5.1,11.5,44.1,1.5,4.7,32.7,2.3,3.1,75.2,0.6,3.4,4,2.6,2.1,1.7,0.9,2.7,28.5,0,0,-5.7
92,Dwyane Wade,MIA,36,32,17,15,25.4,13.9,5.1,12.2,41.9,1.3,3.9,33.3,2.4,3.5,67.9,0.8,2.6,3.5,3.9,2.1,0.7,0.6,1.6,25.5,1,0,-0.8
93,Willie Cauley-Stein,SAC,25,43,22,21,28.6,13.6,5.9,11.2,52.6,0,0,100,1.8,3.4,53.1,2.4,6.6,8.9,2.7,1.3,1.2,0.7,3,32.6,17,0,1.6
94,Rudy Gay,SAS,32,35,21,14,26.7,13.6,5.4,10.6,51.1,1.1,2.7,41.5,1.6,1.9,84.8,1,5.6,6.6,2.4,1.5,0.9,0.6,2.6,28,5,0,2.4
94,Terrence Ross,ORL,27,42,18,24,25.8,13.6,5.1,11.8,43.1,2.3,5.8,39.1,1.2,1.4,84.5,0.3,2.8,3.1,1.5,1.1,0.9,0.4,1.8,22.2,0,0,-3.7
96,Wesley Matthews,DAL,32,36,16,20,30.2,13.4,4.5,10.8,41.9,2.3,5.8,38.6,2.2,2.7,80.6,0.5,1.9,2.4,2.4,1.3,0.8,0.2,2.4,21.6,0,0,-1.1
97,Carmelo Anthony,HOU,34,10,4,6,29.4,13.4,4.9,12.1,40.5,2.1,6.4,32.8,1.5,2.2,68.2,0.9,4.5,5.4,0.5,0.8,0.4,0.7,3.2,23.1,0,0,-6.3
98,Jaren Jackson Jr.,MEM,19,42,19,23,25.5,13.4,5.1,9.7,52.6,0.8,2.5,34,2.3,3,78.2,1.1,3.5,4.6,1.2,1.6,1,1.5,3.8,26.7,2,0,-0.5
99,Joe Harris,BKN,27,40,21,19,29.4,13.4,4.9,9.6,50.6,2.4,5,48.3,1.2,1.4,83.9,0.8,2.9,3.6,2.4,1.5,0.6,0.2,2.9,21.9,0,0,-0.3
100,Robert Covington,MIN,28,35,20,15,34.4,13.3,4.5,10.3,43.1,2.4,6.4,37.8,1.9,2.5,76.4,0.8,4.7,5.5,1.3,1.3,2.1,1.3,3.6,30.9,2,0,1.8
101,Kris Dunn,CHI,24,17,4,13,30.4,13.2,5.6,12,47.1,0.5,1.5,34.6,1.4,1.8,77.4,0.1,4.4,4.5,6.8,2.4,1.5,0.3,4,31.8,1,0,-6.6
102,Will Barton,DEN,28,3,2,1,23.3,13,4.7,10.3,45.2,2,4,50,1.7,2,83.3,0.3,4.7,5,3,1.3,0.3,0.7,2.3,25.2,0,0,5.3
103,Kelly Oubre Jr.,PHX,23,42,15,27,25.9,13,4.6,10.5,43.9,1.5,4.4,32.8,2.3,2.9,79.5,0.7,3.5,4.2,0.9,1.2,0.9,0.8,2.4,23.1,1,0,-3.7
104,Myles Turner,IND,22,37,26,11,27.9,12.9,5.3,10.5,50.9,0.7,1.9,39.1,1.5,2.2,69.5,1.4,5.6,7.1,1.8,1.6,0.4,2.8,2.7,32.1,9,0,2.9
105,Bobby Portis,CHI,23,12,2,10,22.9,12.9,4.9,11.2,44,1.1,2.9,37.1,2,2.8,70.6,1.7,5.6,7.3,1,1.5,0.5,0.6,2.2,24.9,2,0,-6.7
106,Paul Millsap,DEN,33,33,23,10,26.2,12.9,4.7,9.8,47.7,0.7,2.1,34.8,2.8,4,70.2,2.2,4.7,6.9,2,1.4,1.3,1,2.5,29.6,6,0,4.8
107,Jonas Valanciunas,TOR,26,30,23,7,18.8,12.8,5,8.6,57.5,0.3,1,30,2.6,3.1,81.9,1.8,5.4,7.2,1,1.3,0.4,0.8,2.7,25.2,5,0,2.3
107,Ricky Rubio,UTA,28,40,19,21,29.2,12.8,4.5,11.3,40,1.4,4.2,33.7,2.4,2.8,84.7,0.4,3.2,3.6,6.2,3.1,1.3,0.2,2.7,27.9,5,0,1.8
109,E'Twaun Moore,NOP,29,38,16,22,30,12.8,5.2,10.9,48.2,1.4,3.4,41.5,0.9,1.2,73.9,0.8,1.7,2.4,2.2,1.2,0.8,0.2,2.4,20.8,0,0,2
110,Dwight Howard,WAS,33,9,4,5,25.5,12.8,4.8,7.7,62.3,0,0,0,3.2,5.3,60.4,2.7,6.6,9.2,0.4,1.8,0.8,0.4,3.8,26.4,3,0,-5.6
111,Hassan Whiteside,MIA,29,35,17,18,26,12.7,5.4,10.4,51.8,0.1,0.4,13.3,1.8,4,44.7,3.8,8.7,12.5,0.8,1.6,0.6,2.5,2.9,36.5,20,0,0.5
111,Rodney Hood,CLE,26,35,7,28,27.7,12.7,4.6,10.2,44.7,1.3,3.3,38.5,2.2,2.5,89.7,0.3,2.1,2.5,2,0.9,0.9,0.1,2.3,20.6,0,0,-6.9
113,Jerami Grant,OKC,24,42,26,16,31.5,12.6,4.8,9.1,52.3,1.1,3,35.4,2,2.8,69.5,1,3.9,5,0.9,0.9,0.8,1.3,2.6,25.3,2,0,5.6
114,Dennis Smith Jr.,DAL,21,28,13,15,27.7,12.6,4.7,10.6,44.3,1.4,3.7,37.5,1.8,2.6,68.1,0.5,2.1,2.6,3.9,3.1,1.4,0.4,2.6,23.6,0,0,-2.7
115,Thaddeus Young,IND,30,42,28,14,30.3,12.5,5.5,10.3,53,0.4,1.4,29.3,1.1,2,57.8,2.2,3.7,5.9,1.7,1.2,1.6,0.5,2.4,27.2,4,0,4
116,Bryn Forbes,SAS,25,44,25,19,28.3,12.4,4.7,10.1,46.2,2.2,5.1,42.7,0.9,1.1,87.2,0.2,2.5,2.7,2.3,1.2,0.6,0,2.2,19.9,1,0,-0.3
117,Marvin Bagley III,SAC,19,29,16,13,22.9,12.4,4.7,8.9,52.7,0.3,1,33.3,2.7,4,67,2.3,3.9,6.2,0.9,1.6,0.5,1,1.9,24.1,4,0,-1.9
118,Brook Lopez,MIL,30,41,29,12,27.8,12.2,4.3,9.8,43.6,2.6,6.8,37.6,1.1,1.4,81,0.4,3.5,3.9,1,1,0.5,2,2.1,25,0,0,7
119,Reggie Bullock,DET,27,33,17,16,30.5,12.2,4.2,10,41.4,2.5,6.4,39.6,1.3,1.5,88,0.5,2.1,2.6,2.4,1.1,0.5,0.1,1.7,19.6,0,0,-0.8
120,Otto Porter Jr.,WAS,25,31,14,17,28.3,12.2,4.8,10,47.9,1.5,3.9,38.3,1.1,1.5,77.8,0.9,4.5,5.5,2,1,1.5,0.6,1.6,27,3,0,0
121,Kevin Knox,NYK,19,35,8,27,26.6,12.1,4.3,11.3,37.5,1.6,4.6,35.4,2,2.8,70.7,0.8,3.3,4.1,0.9,1.3,0.5,0.3,2.3,19.7,1,0,-7.5
122,Justise Winslow,MIA,22,36,18,18,28.7,12.1,4.6,10.8,42.6,1.3,3.5,37.8,1.5,2.3,65.1,0.9,4.3,5.3,4.1,2,1.1,0.3,2.4,26.7,5,0,3.3
123,Jaylen Brown,BOS,22,37,20,17,26.1,12,4.6,10.3,44.5,1.1,3.6,30.3,1.8,2.7,65.7,1,3.1,4.1,1.5,1.5,0.8,0.6,2.7,21.8,0,0,0.6
124,Jae Crowder,UTA,28,43,22,21,27.3,12,3.9,9.7,39.9,2,6.1,32.8,2.2,3,73.1,0.7,4,4.7,1.6,1,0.7,0.4,2,22.7,2,0,2.2
125,Joe Ingles,UTA,31,44,23,21,31.1,11.8,4.3,9.9,43.7,2.1,5.5,37.3,1.1,1.6,65.3,0.3,3.8,4.1,4.7,2.2,1.5,0.2,2.4,26.7,1,0,4.3
126,Cedi Osman,CLE,23,41,7,34,31.8,11.7,4.2,10.5,39.8,1.4,4.6,30.5,1.9,2.3,81.3,0.5,4.2,4.8,2.2,1.6,0.6,0.2,2.5,21.5,3,0,-10.9
127,Jeff Teague,MIN,30,28,16,12,30.7,11.7,3.9,9.8,40.3,0.9,2.8,33.8,2.9,3.5,82.7,0.4,2,2.4,8.4,2.3,1.1,0.5,2.1,29.6,6,0,1.4
128,Al Horford,BOS,32,33,19,14,28.1,11.6,4.9,9.8,49.8,1.2,3.3,34.9,0.7,1,70.6,1.5,4.8,6.3,3.8,1.5,0.8,1.4,1.8,30.1,3,0,3
129,Jeff Green,WAS,32,41,16,25,27.3,11.6,4.1,8.5,48,1.3,3.6,37,2.1,2.4,89.7,1,3.8,4.8,1.7,1.2,0.6,0.5,2.2,21.9,2,0,-0.6
130,Tristan Thompson,CLE,27,33,6,27,29.8,11.6,5,9.4,53.1,0,0,0,1.6,2.5,65.1,4.5,6.6,11.1,2.2,1.5,0.8,0.4,2.4,30.6,17,0,-6.9
131,Jarrett Allen,BKN,20,42,21,21,26.5,11.5,4.4,7.5,58.4,0.1,0.6,16,2.7,3.7,73.4,2.6,5.7,8.3,1.4,1.3,0.6,1.5,2.4,28.4,14,0,-0.7
132,Markieff Morris,WAS,29,34,13,21,26,11.5,4.2,9.6,43.6,1.4,4.2,33.3,1.7,2.1,78.1,1.2,3.9,5.1,1.8,1.4,0.7,0.6,3.4,22.9,1,0,-4.7
133,D.J. Augustin,ORL,31,41,18,23,27.8,11.4,3.6,7.9,45.8,1.7,3.9,42.5,2.5,2.8,89.6,0.5,1.6,2.1,4.8,1.5,0.6,0,1.4,21.2,1,0,0.5
134,JaVale McGee,LAL,30,36,21,15,23.1,11.3,5.1,8.5,59.7,0,0.2,16.7,1.2,1.8,66.2,2.5,4.3,6.9,0.8,1.6,0.7,2.3,2.5,28.4,3,0,-0.9
135,Trevor Ariza,WAS,33,39,10,29,35.2,11.2,3.8,10.4,36.8,2.1,6.2,33.5,1.5,1.8,85.5,0.6,4.9,5.6,3.5,1.7,1.6,0.2,1.8,27.1,1,0,-7.6
136,Derrick Favors,UTA,27,43,22,21,23.5,11.2,4.4,7.7,58.1,0.3,1.1,25.5,2,3.1,64.2,2.8,4.3,7.1,1,1.1,0.8,1.3,2.3,26.3,4,0,-0.1
137,Trey Burke,NYK,26,29,8,21,19.9,11.1,4.1,10.3,40.3,0.9,2.5,34.2,2,2.3,83.8,0.5,1.5,2,2.8,0.8,0.6,0.1,0.9,18.8,1,0,-1.9
138,Tyler Johnson,MIA,26,34,18,16,24.8,11.1,4,9.1,43.5,1.7,4.4,38.3,1.5,2.1,70.4,0.4,2.5,2.9,2.4,1.4,1,0.5,1.8,21.3,0,0,-0.2
139,Gordon Hayward,BOS,28,38,22,16,26.4,11.1,3.9,9.3,42.2,1.3,3.9,32.7,2,2.3,85.2,0.9,3.9,4.8,3.6,1.4,0.9,0.2,1.4,24.4,1,0,2.7
140,Elfrid Payton,NOP,24,12,9,3,26.1,11,4.4,9,49.1,0.8,1.6,47.4,1.4,1.8,77.3,0.8,2.8,3.6,5.6,2.6,1.3,0.2,2.2,25.3,1,1,6
141,Jeremy Lin,ATL,30,38,12,26,19.4,10.9,3.6,7.4,48.8,0.9,2.6,36.1,2.8,3.4,83.6,0.3,2.1,2.4,3.5,1.9,0.8,0.1,1.9,20,1,0,-2.6
142,J.J. Barea,DAL,34,38,20,18,19.8,10.9,4.2,10.1,41.8,1,3.4,29.7,1.4,2.1,70.5,0.3,2.2,2.5,5.6,1.9,0.6,0,1.3,22.2,3,0,1.5
143,DeAndre Jordan,DAL,30,42,20,22,31.2,10.9,4,6.3,63.9,0,0,0,2.8,4,69,3.1,10.9,14,2,2.4,0.7,1.1,2.5,33.6,25,0,-0.3
144,Justin Holiday,MEM,29,42,11,31,33.2,10.8,3.7,9.9,37.3,2.3,6.6,34.8,1.1,1.2,90.4,0.5,3.7,4.2,2.1,1.2,1.6,0.5,2,24.3,3,0,-7.9
145,JaMychal Green,MEM,28,30,11,19,23.4,10.7,4.1,8,51.7,0.9,2.2,39.4,1.6,2,80,1.9,4.9,6.8,0.8,1.7,0.9,0.6,3,23.1,4,0,-3.2
146,Malik Monk,CHA,20,39,17,22,19,10.6,3.6,9.3,39.3,1.7,5,33.7,1.7,1.8,91.5,0.2,1.5,1.7,1.8,1.3,0.6,0.3,1.4,16.7,0,0,0.1
147,DeMarre Carroll,BKN,32,32,16,16,24,10.6,3.3,8.2,39.7,1.6,4.6,35.6,2.5,3.2,77.7,0.9,3.9,4.8,1.1,1.1,0.3,0.1,1.6,18.2,1,0,-0.3
148,Nemanja Bjelica,SAC,30,43,22,21,24.7,10.6,4,8.1,49.6,1.5,3.5,43.6,1.1,1.4,78.3,1.6,4.4,6,2.1,1.3,0.8,0.8,2.6,24.6,4,0,1.2
149,Dario Saric,MIN,24,42,24,18,25.3,10.5,3.7,8.8,42.2,1.4,4.1,33.9,1.6,1.9,87.3,1.5,4.3,5.7,1.6,1.3,0.5,0.1,2.3,20.3,3,0,-0.2
149,Taj Gibson,MIN,33,42,21,21,25.6,10.5,4.4,7.9,55.6,0.3,0.7,35.5,1.5,2.1,69.3,2.6,4.2,6.9,1.3,1,0.8,0.5,2.6,23.6,7,0,1.2
151,Marco Belinelli,SAS,32,43,24,19,22,10.5,3.6,8.6,41.5,1.9,4.8,38.6,1.5,1.7,88.9,0.2,2,2.2,1.8,0.8,0.5,0.1,1.6,17,0,0,1.5
152,Fred VanVleet,TOR,24,39,29,10,26.8,10.5,3.7,9.1,40.3,1.7,4.6,36.7,1.4,1.8,81.2,0.4,2.3,2.7,4.5,1.3,0.9,0.2,1.7,22.6,0,0,3.1
153,Wendell Carter Jr.,CHI,19,43,10,33,25.2,10.4,4.1,8.4,48.9,0.1,0.7,19.4,2.1,2.6,79.5,2,4.9,6.9,1.8,1.4,0.6,1.3,3.5,25.7,7,0,-6.5
154,Alec Burks,CLE,27,40,12,28,23.4,10.4,3.6,8.8,40.5,1.2,3.1,38.4,2.1,2.6,82.5,0.4,3.1,3.5,2.1,1.1,0.6,0.4,1.6,19.7,0,0,-5.1
155,Tyreke Evans,IND,29,38,24,14,20.7,10.3,3.7,9.9,37.3,1.2,3.6,34.6,1.7,2.3,74.7,0.6,2.3,2.8,2.4,1.9,1.1,0.3,1.6,19.5,1,0,1.6
156,Alex Len,ATL,25,38,12,26,20.1,10.1,3.9,8.1,47.7,0.5,1.8,29,1.8,2.8,64.8,2.1,3.4,5.6,0.9,1.6,0.3,1,2.8,20.5,5,0,-3
157,Kentavious Caldwell-Pope,LAL,25,43,23,20,23.2,10.1,3.3,7.8,42.6,1.6,4.5,36.3,1.8,2,88.5,0.5,2.2,2.7,1.1,0.6,0.8,0.1,1.6,16.9,0,0,-0.1
158,Monte Morris,DEN,23,41,28,13,24.4,10,4,8.7,46.2,1.2,2.7,43.2,0.8,1,81,0.5,2.2,2.6,4,0.7,1,0,1.3,21.6,0,0,2.1
159,Marvin Williams,CHA,32,41,19,22,27.5,10,3.6,8.6,41.9,1.9,5,38,0.9,1.2,71.4,1,4.7,5.7,1.1,0.5,0.9,0.8,2.2,22.9,5,0,1.5
160,Allonzo Trier,NYK,22,35,9,26,22.1,9.9,3.5,7.8,44.2,0.6,1.6,37.5,2.4,3,80.2,0.5,2.3,2.8,1.8,1.7,0.4,0.3,1.6,16.4,1,0,-4.3
161,Rondae Hollis-Jefferson,BKN,24,34,15,19,24,9.9,3.6,8.9,40.5,0.2,1,24.2,2.4,3.7,65.9,1.4,4.4,5.8,1.9,1.2,0.8,0.5,2,22.5,2,0,-1.2
162,Garrett Temple,MEM,32,42,19,23,31.8,9.9,3.5,8.1,43.4,1.5,4.2,35.6,1.3,1.7,77.8,0.3,2.8,3.1,1.3,1.1,1.1,0.5,2.8,19.1,0,0,-0.5
163,Shai Gilgeous-Alexander,LAC,20,42,24,18,25.9,9.9,3.8,7.8,48.6,0.5,1.5,37.7,1.7,2.1,80.7,0.7,2.1,2.8,2.9,1.8,1,0.6,2,20.8,0,0,-0.6
164,Dewayne Dedmon,ATL,29,34,11,23,24.6,9.8,3.7,7.9,46.7,1.1,2.9,36,1.4,1.6,85.2,1.6,6,7.6,1.4,1.5,1,1,3.3,25.6,6,0,-3.6
165,Malik Beasley,DEN,22,41,28,13,22.1,9.8,3.8,8.1,47,1.7,4.3,39.8,0.5,0.5,90.9,0.4,2.1,2.5,1.2,0.6,0.6,0.1,1.5,16.4,0,0,2.2
166,Rodney McGruder,MIA,27,40,20,20,28.1,9.8,3.7,8.7,42.2,1.6,4,39,0.9,1.2,75.5,1,3,4,2.3,1.3,0.7,0.2,2.3,19.1,2,0,-1.1
167,Damyean Dotson,NYK,24,33,5,28,25,9.6,3.7,8.5,43.6,1.4,3.8,36,0.8,1.1,75,0.7,3,3.7,1.2,0.7,1,0.1,1.8,18.4,1,0,-3.7
168,Josh Jackson,PHX,21,44,11,33,22.4,9.6,3.7,9.2,40.6,0.7,2.4,30.2,1.4,2.1,66.7,0.7,3.3,4,2.3,2.3,1,0.6,2.5,20.3,0,0,-3.4
169,Kelly Olynyk,MIA,27,40,21,19,20.7,9.5,3,6.7,44.8,1.5,4.4,33.9,2.1,2.6,79.6,1,3.3,4.3,1.8,1.4,0.7,0.4,2.2,19.1,1,0,2.2
170,Lonzo Ball,LAL,21,43,23,20,30,9.5,3.7,9.3,40.1,1.5,4.7,33,0.4,1.1,41.3,1.1,4.1,5.2,5.1,2.2,1.5,0.4,2.4,26.9,3,1,-0.4
171,Allen Crabbe,BKN,26,28,11,17,26.1,9.5,3,8.9,34.3,2.3,6,38.7,1.1,1.4,78.9,0.5,3,3.5,1.1,1.1,0.6,0.3,2.4,16.8,0,0,-0.9
172,Danny Green,TOR,31,42,30,12,29.3,9.5,3.5,7.9,43.8,2.2,5.3,41.2,0.4,0.4,94.1,1,3.1,4.1,1.3,1.1,0.9,0.8,2.5,20.5,1,0,9.1
173,Tony Parker,CHA,36,37,19,18,18.6,9.4,3.8,8.4,45,0.2,0.9,25,1.7,2.4,69.7,0.2,1.3,1.5,3.8,1.3,0.4,0.1,0.9,17.2,1,0,0.8
174,Al-Farouq Aminu,POR,28,43,26,17,30.1,9.4,3.2,7.5,42.7,1.3,3.8,35.2,1.7,2,83.7,1.5,6.5,8,1,0.8,1,0.4,2,23.8,6,0,3.8
175,Cody Zeller,CHA,26,35,18,17,24.5,9.3,3.7,6.6,55.8,0.1,0.5,31.3,1.8,2.2,84.2,2.1,4.2,6.2,2.1,1.3,0.7,0.8,3.2,23.2,2,0,2.2
176,Josh Hart,LAL,23,43,23,20,27.2,9.3,3.3,8,41.6,1.7,4.7,35.5,1,1.5,68.3,0.5,3.4,4,1.4,0.9,1.1,0.6,2.4,20.6,3,0,1.3
177,Iman Shumpert,SAC,28,33,18,15,25.5,9.3,3.3,8.2,40.4,1.9,4.9,38.5,0.8,1,84.4,0.4,2.5,2.9,2,0.8,1.2,0.4,2.4,19.7,0,0,-1.2
178,Patty Mills,SAS,30,44,25,19,23.8,9.3,3.1,7.3,43,1.7,4.3,39.9,1.3,1.5,85.1,0.3,2.2,2.4,2.8,1.1,0.7,0.2,1.5,17.8,0,0,3.8
179,Ish Smith,DET,30,22,13,9,24.4,9.2,3.9,9.3,41.5,1.1,3.5,32.9,0.4,0.5,66.7,0,1.9,1.9,3,1.1,0.5,0.3,2.4,17.1,0,0,2.5
180,Trey Lyles,DEN,23,40,28,12,19.2,9.2,3.4,8.3,41.2,0.8,3.3,25,1.6,2.2,71.3,0.8,3.5,4.3,1.3,1.3,0.5,0.5,1.7,18,0,0,1.8
181,Darren Collison,IND,31,42,28,14,27.5,9.1,3.4,7.5,45.4,0.9,2.4,37.6,1.4,1.8,78.4,0.5,2.3,2.8,5.6,1.4,1.5,0.2,1.8,24.3,3,0,2
182,Rodions Kurucs,BKN,20,27,16,11,20,9,3.3,6.9,48.1,0.9,2.7,34.7,1.4,1.6,90.7,0.9,2.7,3.6,0.7,1.1,0.5,0.3,2.1,15.7,2,0,1.2
183,Shabazz Napier,BKN,27,33,13,20,16.9,8.9,2.9,7.1,40.6,1.2,3.3,37,2,2.4,83.3,0.3,1.5,1.8,2.1,1.1,0.7,0.3,1.3,16,0,0,-0.4
184,Nicolas Batum,CHA,30,42,19,23,30.7,8.9,3.3,7.2,46,1.4,3.4,40.6,0.9,1.1,84.8,0.9,4.3,5.2,3.4,1.6,0.9,0.4,1.8,22.8,0,0,0
185,Juancho Hernangomez,DEN,23,40,27,13,26.1,8.9,3,6.3,47.2,1.5,3.7,40.4,1.6,2,79.5,1.4,3.9,5.3,1,0.8,0.4,0.5,1.6,18.7,4,0,2.3
186,Larry Nance Jr.,CLE,26,39,8,31,25.6,8.8,3.5,6.6,52.9,0.3,1,33.3,1.5,2.1,72.3,2.2,5.3,7.5,3.2,1.3,1.5,0.7,2.9,27.8,6,0,-5.9
187,Gerald Green,HOU,32,37,22,15,20.3,8.8,3.1,7.3,42.2,2.1,5.8,35.8,0.6,0.7,88,0.5,2.2,2.6,0.4,0.8,0.4,0.3,1.8,13.8,0,0,3.4
188,Kevin Huerter,ATL,20,40,13,27,26.3,8.8,3.3,7.9,41.6,1.6,4.2,38,0.6,0.8,75.8,0.9,2.4,3.2,2.5,1.5,0.8,0.4,2,18.3,1,0,-1.4
189,Noah Vonleh,NYK,23,42,10,32,26.5,8.7,3,6.5,46.9,0.9,2.1,41.6,1.8,2.4,75,2,6.6,8.6,2.1,1.4,0.8,0.9,2.8,26,13,0,-2.8
190,Thomas Bryant,WAS,21,33,15,18,18,8.7,3.5,5.3,66.1,0.3,0.8,32.1,1.5,1.7,85.7,1.2,4,5.1,0.9,0.6,0.4,0.8,1.3,19.2,3,0,-1.2
191,Dwight Powell,DAL,27,38,18,20,16.5,8.7,3.1,5.3,58.1,0.3,1.5,19,2.2,2.9,74.1,1.4,2.9,4.3,0.9,0.9,0.5,0.6,2.6,17.7,1,0,1.3
192,Antonio Blakeney,CHI,22,34,8,26,15.9,8.7,3.4,7.9,42.5,0.9,2,44.8,1.1,1.6,68.5,0.1,1.7,1.8,0.6,0.7,0.3,0.2,0.7,12.4,0,0,-2.9
193,Danuel House Jr.,HOU,25,23,15,8,24.1,8.6,2.6,5.7,46.2,1.4,3.7,37.2,2,2.4,81.8,0.8,2.8,3.7,1,0.8,0.6,0.4,1.7,16.6,0,0,3.3
194,Terry Rozier,BOS,24,42,25,17,22.6,8.5,3.1,8.1,37.7,1.4,4,34.9,1,1.3,77.8,0.5,3.5,4,2.8,0.8,0.9,0.3,1.3,20.2,0,0,0.4
195,DeAndre' Bembry,ATL,24,42,13,29,24.4,8.5,3.3,7.9,42.2,0.7,2.4,30.7,1.1,1.9,59,0.6,3.7,4.3,2.6,1.7,1.3,0.6,2.4,21.6,1,0,-4
196,Langston Galloway,DET,27,40,18,22,22.3,8.5,2.9,7.5,39,1.7,4.9,34.5,1,1.2,80.9,0.7,1.7,2.4,1.2,0.4,0.5,0.1,1.7,14.3,0,0,0.1
197,Derrick White,SAS,24,35,19,16,24,8.5,3.3,6.9,48.3,0.6,1.8,32.8,1.2,1.6,78.2,0.4,2.7,3.1,3.5,1.5,0.9,0.5,1.9,20.1,0,0,2.5
198,Rajon Rondo,LAL,32,14,8,6,24.3,8.4,3.6,7.9,45,0.7,2,35.7,0.6,0.9,61.5,0.8,3.6,4.4,6.7,2.1,1,0,2.1,24.7,4,0,2.2
199,Austin Rivers,HOU,26,38,18,20,26.7,8.4,3.1,7.6,40.6,1.5,4.4,33.7,0.8,1.5,53.6,0.3,2.2,2.6,2.3,1.2,0.6,0.3,2.8,16.4,0,0,0.1
200,James Johnson,MIA,31,25,15,10,20.1,8.3,3.2,7.6,42.6,1,2.9,33.3,0.8,1.2,70,0.5,2.8,3.2,2.2,1,0.6,0.3,2.2,17.2,0,0,-2.7
201,Dion Waiters,MIA,27,4,3,1,16.4,8.3,3.3,8.5,38.2,1.8,5.3,33.3,0,1,0,0.3,1.8,2,2.5,0.3,0.5,0,0.8,15.7,0,0,4.3
201,Stanley Johnson,DET,22,36,17,19,20.5,8.3,3.1,8,38.9,1.1,4.2,26.7,0.9,1.2,78.6,0.6,3,3.6,1.3,1.4,1,0.3,2.1,16.8,0,0,-3.1
201,Wayne Ellington,MIA,31,20,9,11,22.7,8.3,2.7,7.6,35.8,2.3,6.3,36.5,0.6,0.7,84.6,0.3,1.8,2.1,1.4,0.7,1.1,0.2,1.7,15.7,0,0,-4.8
204,Kyle Korver,UTA,37,38,16,22,17.8,8.2,2.8,6.3,44.2,1.9,4.5,41.8,0.8,0.9,83.3,0.1,1.8,1.9,0.9,0.8,0.3,0.2,1.5,12.7,0,0,0.6
205,Markelle Fultz,PHI,20,19,12,7,22.5,8.2,3.4,8.2,41.9,0.2,0.7,28.6,1.1,1.9,56.8,1.4,2.3,3.7,3.1,1.3,0.9,0.3,2.7,19.4,0,0,-0.4
206,Richaun Holmes,PHX,25,42,10,32,16,8.1,3.3,4.8,68.3,0,0,0,1.6,2.2,71.7,1.6,2.9,4.5,0.8,0.8,0.7,1.1,2.5,19.5,2,0,-2
207,Landry Shamet,PHI,21,43,27,16,20.2,8.1,2.7,6.3,43.5,1.8,4.5,39.4,0.8,1,81.4,0.3,1.2,1.5,0.9,0.5,0.5,0.1,2.1,12.5,0,0,-1.6
208,Bam Adebayo,MIA,21,41,21,20,21.8,8,3,5.4,55.6,0,0.1,16.7,2,2.7,72.3,2.2,4.7,6.9,2.1,1.3,0.8,0.9,2.6,23.1,5,0,1.5
209,PJ Tucker,HOU,33,41,24,17,35.1,8,2.8,6.7,41.5,2,4.9,39.8,0.5,0.9,60,1.4,4.8,6.1,1.2,0.9,1.2,0.4,3.1,21.2,1,0,1.4
210,Alan Williams,BKN,25,1,0,1,8.7,8,3,4,75,0,0,0,2,4,50,2,6,8,2,1,0,0,0,19.6,0,0,8
211,Shelvin Mack,MEM,28,40,19,21,23.2,7.9,2.9,7.1,41.3,0.9,2.4,37.1,1.2,1.7,71.2,0.3,1.6,1.9,3.1,1.1,0.9,0.1,1.4,16.6,0,0,-2.2
212,Jonathan Isaac,ORL,21,36,14,22,24.5,7.9,2.8,6.9,40.1,0.7,2.6,28.3,1.7,2,83.3,1,3.7,4.7,0.8,1.1,0.8,1.1,2,19.2,1,0,-2.9
213,Kyle Anderson,MEM,25,41,19,22,29.7,7.9,3.4,6.3,54.3,0.2,0.8,26.5,0.8,1.4,57.6,1,4.8,5.8,3,1.2,1.3,0.9,2.5,24.6,2,1,-1.3
214,George Hill,MIL,32,29,14,15,23.5,7.9,3,6.4,46.2,0.8,2.2,34.4,1.2,1.5,77.3,0.8,1.4,2.2,2.4,0.9,0.9,0.1,2.2,16.1,0,0,1.3
215,Quinn Cook,GSW,25,37,23,14,15.5,7.8,3.1,6.5,47.7,1.2,2.9,43.4,0.4,0.5,77.8,0.3,2,2.3,1.8,0.8,0.4,0.1,1.4,13.8,0,0,-1.2
216,Evan Turner,POR,30,42,26,16,24.5,7.8,3.3,7.1,46.8,0.1,0.9,16.2,1,1.5,70.5,0.6,4.1,4.8,3.9,1.9,0.6,0.3,1.9,20.2,1,0,0.3
217,Michael Kidd-Gilchrist,CHA,25,35,16,19,19.2,7.8,3,6.1,48.8,0.2,0.6,38.1,1.6,2,77.5,1.8,2.9,4.7,0.9,0.8,0.5,0.9,2.7,18.3,1,0,-0.6
218,Marcus Smart,BOS,24,42,25,17,26.4,7.7,2.5,6.3,40.3,1.4,3.8,35.4,1.3,1.7,76.7,0.7,2.1,2.8,4,1.4,1.7,0.4,2.5,22,1,0,3.9
219,Mario Hezonja,NYK,23,36,10,26,18.1,7.6,2.9,7.4,40,0.8,2.6,29,1,1.5,66.7,0.4,2.9,3.3,0.9,1.1,0.9,0.1,1.7,15.1,0,0,-1.9
220,Mike Muscala,PHI,27,36,23,13,22.4,7.6,2.4,6,39.2,1.5,4.5,34.2,1.4,1.7,81.7,1.1,3.3,4.3,1.5,1,0.4,0.6,2.5,16.7,1,0,-0.1
221,Willy Hernangomez,CHA,24,34,16,18,13.6,7.6,2.7,5.3,50.8,0.4,0.7,48,1.8,2.7,68.1,2.1,3.3,5.4,1,1,0.3,0.4,1.7,16.4,1,0,-1.7
222,Ersan Ilyasova,MIL,31,29,20,9,19.4,7.6,2.9,6.3,45.1,0.9,2.4,37.1,1,1.1,87.5,1.6,3.8,5.4,1.1,0.9,0.6,0.2,2.8,17.4,2,0,2.9
223,Davis Bertans,SAS,26,40,22,18,19.5,7.6,2.6,5.3,48.6,1.9,4,47.2,0.6,0.7,88.5,0.4,2.9,3.3,1.1,0.6,0.5,0.4,1.7,15.4,0,0,3.6
224,OG Anunoby,TOR,21,38,27,11,20.9,7.6,3,6.8,44.6,1.2,3.4,34.4,0.3,0.9,35.3,0.8,2.2,3,0.7,0.7,0.6,0.3,2.1,14.3,0,0,-1.2
225,Jonas Jerebko,GSW,31,42,28,14,20,7.5,2.6,5.6,46.8,1.1,3.1,36.4,1.1,1.3,83.6,1.2,3.8,5,1.7,0.8,0.4,0.2,2.4,17,1,0,2.1
226,Dillon Brooks,MEM,22,18,9,9,18.3,7.5,2.7,6.8,40.2,0.8,2.2,37.5,1.2,1.7,73.3,0.5,1.2,1.7,0.9,1.1,0.6,0.2,2.8,12.2,0,0,-0.9
227,Mikal Bridges,PHX,22,44,11,33,26.1,7.5,2.7,6.5,41.5,1.3,3.7,34.6,0.8,1,84.1,0.6,2.2,2.8,1.6,0.7,1.4,0.5,2.3,18.2,0,0,-2.8
228,Isaiah Canaan,PHX,27,19,4,15,26.5,7.5,2.7,6.8,39.5,1.3,3.8,34.7,0.8,1.1,75,0.3,2.3,2.6,3.3,1.5,0.6,0,2.4,15.8,0,0,-6.7
229,Mason Plumlee,DEN,28,41,28,13,19.9,7.4,3.1,5.1,60.5,0,0.1,33.3,1.2,2.5,47.6,2.1,3.8,6,2.4,1.5,1,1,3.3,22.6,5,0,1.3
230,Dante Exum,UTA,23,39,19,20,16.3,7.4,2.6,6,43.2,0.5,1.5,30.5,1.7,2.2,79.1,0.4,1.3,1.7,2.7,1.2,0.4,0.1,1.6,13.8,1,0,1.3
231,Dorian Finney-Smith,DAL,25,42,20,22,24.4,7.4,2.7,6,44.1,1,3,33.1,1.1,1.6,68.2,1.6,2.8,4.4,0.7,0.9,1,0.5,2.4,17.1,0,0,-0.2
232,Derrick Jones Jr.,MIA,21,30,15,15,18.5,7.4,2.8,5.6,49.4,0.6,1.5,37.8,1.3,2,62.3,2,2.6,4.5,0.5,0.7,0.9,0.7,2,17.8,0,0,1.1
233,Avery Bradley,LAC,28,36,19,17,28.8,7.3,3,8,37.8,0.9,3,29.9,0.4,0.5,82.4,0.6,1.8,2.3,1.9,1.2,0.6,0.4,2.8,14.7,0,0,-2.1
233,Michael Beasley,LAL,30,15,7,8,9.9,7.3,3.1,5.5,56.1,0.2,0.8,25,1,1.4,71.4,0.3,1.6,1.9,0.7,1,0.3,0.3,1.7,11.7,0,0,-1.5
235,James Ennis III,HOU,28,28,15,13,23,7.3,2.6,5.3,49.7,1.1,3.1,36.4,0.9,1.4,65.8,0.9,1.7,2.6,0.7,0.6,0.8,0.4,2.9,14.5,0,0,-0.7
236,Justin Jackson,SAC,23,42,22,20,21.9,7.3,2.6,6,43.8,1.2,3.2,36.8,0.9,1,81.8,0.6,2.4,3,1.4,0.5,0.4,0.2,1.3,14.4,0,0,-0.4
237,Zach Collins,POR,21,43,26,17,18.9,7.3,2.7,5.5,49.4,0.5,1.7,31.5,1.3,1.6,79.7,1.3,3,4.3,0.9,1.1,0.4,0.9,2.5,16.5,0,0,-0.3
238,Lance Stephenson,LAL,28,42,22,20,15.3,7.2,2.8,6.3,44.7,1,2.6,37.3,0.5,0.9,63.9,0.5,2.6,3,2,1.2,0.6,0.1,1.6,14.9,0,0,-1
239,Norman Powell,TOR,25,22,19,3,18.2,7.2,2.8,6,46.6,0.8,2.6,31.6,0.8,1,85.7,0.1,2,2.1,1.3,0.8,0.6,0.3,1.7,13.5,0,0,-0.9
240,Cory Joseph,IND,27,42,28,14,25.7,7.2,3,6.7,44.8,0.8,2.2,37.6,0.3,0.5,63.6,0.4,3.2,3.5,3.8,1.2,1.2,0.2,1.7,20.1,0,0,3.5
241,Tomas Satoransky,WAS,27,43,18,25,22.1,7.1,2.6,5.2,49.6,0.7,1.7,40.8,1.3,1.6,82.4,0.7,2,2.7,3.5,1.2,0.9,0.2,2,17.6,2,1,-0.7
242,Luke Kennard,DET,22,23,7,16,19,7.1,2.7,6.7,40.9,1.2,3.3,35.5,0.5,0.7,64.7,0.2,2.5,2.7,1.3,0.8,0.3,0.2,1.3,13.1,0,0,-2
243,Draymond Green,GSW,28,28,20,8,31.3,7.1,2.8,6.8,41.6,0.5,2.2,24.2,0.9,1.2,78.8,1.1,6.9,8,6.8,2.8,1.6,1,3.4,31.8,5,0,7.4
244,Josh Okogie,MIN,20,35,17,18,21.4,7.1,2.4,6.5,37.2,0.7,2.8,25.8,1.6,2.2,71.4,0.6,2.4,3,1.1,0.9,0.9,0.4,2.1,15.4,1,0,0.5
245,Sam Dekker,WAS,24,25,8,17,17.1,7.1,3,5.8,52.4,0.4,1.2,33.3,0.6,1,62.5,1.1,2.3,3.4,0.9,0.4,1.1,0.2,1,15.8,0,0,-1.8
246,Darius Miller,NOP,28,38,20,18,23.2,7.1,2.4,5.8,41.1,1.7,4.4,38.5,0.6,0.7,82.1,0.2,1.3,1.5,1.7,0.8,0.6,0.3,2.4,13.3,0,0,1.4
247,Jonathon Simmons,ORL,29,35,16,19,20.7,7,2.6,7.3,35.8,0.4,2,21.7,1.4,1.7,80.3,0.5,1.8,2.3,2.2,1.4,0.5,0.4,1.6,14.2,0,0,-3.6
248,Vince Carter,ATL,41,39,11,28,17.3,7,2.5,6.2,40.2,1.5,4.1,37.1,0.5,0.7,76.9,0.4,2.4,2.8,1,0.7,0.6,0.3,1.8,14.1,0,0,-4.2
249,Doug McDermott,IND,27,42,28,14,17.6,6.9,2.4,5,48.3,1.2,2.9,41.7,0.9,1,85.7,0.2,1.1,1.3,0.8,0.5,0.3,0.1,1.4,10.3,0,0,2.1
250,Boban Marjanovic,LAC,30,30,15,15,10.7,6.9,2.4,4.1,59.8,0,0.1,0,2,2.6,78.2,1.5,2.8,4.3,0.6,1.1,0.3,0.6,1.6,14.4,3,0,-0.1
251,Daniel Theis,BOS,26,32,20,12,15.8,6.9,2.7,5,53.5,0.5,1.2,38.5,1.1,1.5,72.9,1.6,2.7,4.3,1.1,0.7,0.3,0.6,2.8,15.6,1,0,3.4
252,Patrick Beverley,LAC,30,42,24,18,24.9,6.7,2.2,5.7,38.2,1.2,3.4,36.1,1.2,1.5,75.4,0.7,3,3.7,3.3,1,0.6,0.4,3.5,18.1,2,0,0.6
253,JR Smith,CLE,33,11,1,10,20.2,6.7,2.5,7.2,34.2,1.1,3.5,30.8,0.7,0.9,80,0,1.6,1.6,1.9,1,1,0.3,1.7,14.4,0,0,-1.3
254,Chasson Randle,WAS,25,13,6,7,15.8,6.7,2.2,4.7,47.5,1,2.3,43.3,1.2,1.5,80,0.5,0.8,1.3,1.9,1.2,0.6,0.1,2.1,12,0,0,0.5
255,Kevon Looney,GSW,22,42,28,14,20.8,6.6,2.9,4.5,63.9,0,0.2,14.3,0.8,1.3,60.7,2.5,3,5.6,1.9,0.7,0.4,0.8,2.9,19.1,1,0,4.2
256,T.J. McConnell,PHI,26,37,22,15,21,6.6,2.9,5.3,55.9,0.2,0.6,34.8,0.5,0.6,79.2,0.4,1.7,2.1,3.6,1.4,1.2,0.2,1.8,17.5,0,0,-0.7
257,MarShon Brooks,MEM,29,29,15,14,13.3,6.6,2.6,5.8,45,0.5,1.9,27.8,0.8,1.1,69.7,0.4,1.1,1.6,0.9,0.7,0.3,0.1,1.1,10.3,0,0,-0.8
258,Furkan Korkmaz,PHI,21,35,22,13,15.7,6.5,2.3,5.8,39.9,1.1,3.5,32.3,0.7,0.9,83.9,0.4,2.1,2.5,1.3,0.6,0.7,0.1,1.4,13.1,0,0,1.5
259,Delon Wright,TOR,26,39,27,12,18.3,6.5,2.5,5.9,42.6,0.7,2,33.8,0.8,0.9,88.6,0.8,1.8,2.5,2.2,0.7,0.9,0.3,1.1,15.5,0,0,-1.9
260,Jamal Crawford,PHX,38,37,8,29,17.2,6.5,2.2,6.3,35.2,0.7,2.6,28.1,1.3,1.5,84.2,0.2,1,1.2,3.2,1.5,0.4,0.2,1.2,12.9,0,0,-5.4
261,Ivica Zubac,LAL,21,22,10,12,13.2,6.5,2.7,4.8,56.2,0,0,0,1.1,1.2,88.9,1.4,2.8,4.2,0.7,0.7,0.2,0.8,1.8,14.7,2,0,1.3
262,Miles Bridges,CHA,20,40,18,22,19.3,6.4,2.4,5.7,42.9,0.7,2.4,29.9,0.9,1.1,75.6,0.6,3.1,3.6,1,0.6,0.5,0.7,1.4,15.1,0,0,-0.7
262,Nik Stauskas,POR,25,40,24,16,15.9,6.4,2.3,5.4,43,1,2.9,35,0.8,0.9,88.9,0.3,1.7,1.9,1.5,1,0.3,0.1,0.8,11.3,0,0,-3.4
264,Tony Snell,MIL,27,41,29,12,17.5,6.4,2.3,5,44.9,1.2,3.1,38.6,0.7,0.7,90,0.4,1.7,2.1,0.8,0.4,0.3,0.2,1.2,11.4,0,0,3.2
265,Maxi Kleber,DAL,26,37,18,19,18.5,6.4,2.3,5,45.2,0.9,2.9,31.8,0.9,1.1,80.5,1,2.8,3.9,0.7,0.6,0.4,1.2,1.5,16.5,0,0,4.1
266,Devin Harris,DAL,35,30,16,14,15.2,6.3,2,5.2,39.4,0.8,2.9,27.6,1.5,1.8,81.5,0.1,1.6,1.7,1.1,0.7,0.8,0.2,1.5,12.2,0,0,-0.9
267,Ryan Arcidiacono,CHI,24,42,10,32,26.7,6.3,2.1,4.9,43.2,1.3,3.3,38.8,0.8,0.9,86.8,0.3,2.2,2.5,3.5,0.9,1,0,2.2,16.8,0,0,-3.4
268,Elie Okobo,PHX,21,26,4,22,18.4,6.3,2.4,6.2,38.9,0.8,2.5,31.3,0.7,0.8,85.7,0.2,1.7,1.9,2.4,1.5,0.7,0.2,2.4,13.4,0,0,-2.6
269,Mo Bamba,ORL,20,39,17,22,16.6,6.3,2.5,5.4,46.7,0.5,1.6,28.1,0.7,1.4,54.7,1.4,3.6,5,0.9,0.9,0.3,1.4,2.3,17.8,1,0,-5.9
270,Wilson Chandler,PHI,31,28,18,10,25.6,6.2,2.4,5.7,42.1,1.1,2.9,36.6,0.4,0.5,71.4,1.3,3.4,4.6,2,1,0.5,0.4,2.7,16.5,0,0,2.9
271,Cameron Payne,CLE,24,34,6,28,17.7,6.2,2.4,5.7,42.5,0.6,2.2,29.7,0.7,0.9,86.2,0.3,1.4,1.7,2.7,1.1,0.7,0.2,1.6,13.9,0,0,-6.5
272,Jalen Brunson,DAL,22,35,15,20,16.4,6.2,2.5,5.6,43.7,0.5,1.7,31.1,0.7,1.1,65,0.3,1.3,1.6,2.1,0.7,0.6,0,1.3,12.2,1,0,1.1
273,Pat Connaughton,MIL,26,26,17,9,18.7,6.2,2.3,5.7,40.9,1,3.4,28.1,0.5,0.8,70,0.9,2.9,3.8,2.1,0.4,0.5,0.6,1.2,16.7,0,0,3
274,Troy Daniels,PHX,27,20,5,15,14.4,6.2,2.1,5.2,40.8,1.6,4,39.2,0.4,0.5,88.9,0.3,1,1.3,0.5,0.7,0.7,0.1,1.4,9.7,0,0,0.5
275,De'Anthony Melton,PHX,20,27,8,19,21.3,6,2.3,6.3,37.3,0.8,2.5,32.4,0.6,0.7,83.3,0.4,2.3,2.7,3.4,1.7,1.7,0.5,2.7,19.1,0,0,-2.4
276,Frank Ntilikina,NYK,20,35,9,26,21.1,6,2.3,6.5,34.9,0.9,2.9,30,0.6,0.7,80.8,0.2,1.7,1.9,2.5,1.3,0.7,0.3,2.5,13.7,0,0,-5.9
277,Henry Ellenson,DET,21,2,0,2,12.4,6,2,5,40,1,2,50,1,1,100,0,4.5,4.5,0.5,0,0,0,1,12.2,0,0,-4
277,Luke Kornet,NYK,23,20,4,16,13.7,6,2,4.8,41.7,1.5,3.4,42.6,0.6,0.7,84.6,0.6,1.9,2.5,1.2,0.5,0.3,0.6,0.7,12.8,0,0,-4.3
279,Seth Curry,POR,28,37,23,14,17.3,6,2.2,5.1,43.1,1.4,2.9,49.1,0.2,0.2,100,0.3,1,1.3,0.8,0.8,0.4,0.1,1.3,9.4,0,0,2.3
280,David Nwaba,CLE,25,21,6,15,16.4,6,2,4.7,42.4,0.4,1.7,25.7,1.5,2.4,64,0.5,2.3,2.8,0.7,0.4,0.6,0.3,1.7,12.8,0,0,0.7
281,Torrey Craig,DEN,28,36,26,10,22.1,5.9,2.3,5.4,42.5,0.8,2.8,29.3,0.6,0.9,61.8,1.6,2.6,4.1,1,0.8,0.5,0.5,2.6,14.6,1,0,0.2
282,Yogi Ferrell,SAC,25,33,16,17,14.1,5.9,2.2,4.8,44.4,0.7,2,36.9,0.9,1,87.9,0.1,1.3,1.4,1.7,0.4,0.4,0.1,0.7,11.2,0,0,-0.8
283,Maurice Harkless,POR,25,26,13,13,21.6,5.9,2.4,5.3,44.6,0.6,1.9,32,0.5,0.8,65,1,3.2,4.1,0.7,0.6,0.9,1,2.8,16.9,0,0,1
284,Ed Davis,BKN,29,43,21,22,18.3,5.9,2.4,3.9,61.9,0,0,0,1,1.9,55,3,5.6,8.6,0.7,0.8,0.6,0.4,2.9,19.2,2,0,1.2
285,D.J. Wilson,MIL,22,13,10,3,17.9,5.8,2.2,4.6,46.7,0.9,2.1,44.4,0.6,1.2,53.3,1,4,5,0.8,0.4,0.5,0.4,2.1,15.5,1,0,4.3
286,Shaquille Harrison,CHI,25,34,8,26,17.7,5.7,2.1,5.4,39.7,0.3,1.3,25.6,1.1,1.8,63.3,0.4,2.4,2.8,1.7,0.8,1.3,0.3,1.5,15.7,0,0,-4.4
287,Troy Williams,SAC,24,18,7,11,15.9,5.7,2.2,4.8,46,0.8,2.3,34.1,0.5,0.8,60,0.5,2.6,3.1,0.6,0.4,0.6,0.4,1.9,12.8,0,0,-2.4
288,Omari Spellman,ATL,21,25,7,18,16.5,5.7,2,5.2,38.5,0.8,2.5,32.3,0.9,1.2,76.7,1.7,2.3,4,0.9,0.7,0.7,0.6,1.4,14.9,3,0,-6.5
289,Chandler Parsons,MEM,30,3,2,1,15.4,5.7,2.3,5.7,41.2,1,3.3,30,0,0,0,0.3,1,1.3,0.7,0.7,0.3,0.3,2.3,9.6,0,0,-3.7
290,John Henson,CLE,28,14,10,4,13.5,5.6,2.2,4.8,46.3,0.8,2.2,35.5,0.4,0.7,60,1.1,3.9,5.1,1,0.9,0.5,0.8,1.1,16.2,0,0,0.1
291,Meyers Leonard,POR,26,40,24,16,14.2,5.6,2.1,4.1,50.9,0.8,1.8,41.7,0.7,0.9,85.3,0.9,3.3,4.1,1.2,0.8,0.3,0.2,1.8,13.1,1,0,-1.4
292,Jakob Poeltl,SAS,23,40,21,19,15.5,5.6,2.4,3.8,62.5,0,0,0,0.9,1.5,58.6,2.3,2.9,5.2,1.2,0.8,0.2,0.7,1.5,15.5,0,0,2.2
293,Alex Abrines,OKC,25,29,19,10,19.8,5.6,1.9,5.3,35.9,1.4,4.3,32.3,0.4,0.4,92.3,0.2,1.4,1.6,0.7,0.5,0.6,0.2,1.8,10.5,0,0,1.1
294,Aaron Holiday,IND,22,24,17,7,11.2,5.6,2,4.8,41.4,0.6,2.4,25.9,1,1.1,88.5,0.1,1.5,1.6,1.5,0.7,0.5,0.3,1.3,11.4,0,0,2.8
294,Robin Lopez,CHI,30,36,8,28,16.3,5.6,2.4,4.8,51.2,0.1,0.4,28.6,0.6,0.8,70,1.1,1.4,2.5,1,1.4,0.2,0.8,1.8,11.7,0,0,-1.8
296,Matthew Dellavedova,CLE,28,26,12,14,14.2,5.6,2,4.2,46.4,1,2.3,42.6,0.7,0.7,89.5,0,1.2,1.2,3.2,1.4,0.2,0,1.3,11.2,0,0,-1
297,Frank Kaminsky,CHA,25,23,11,12,11.4,5.6,2,4,49.5,0.6,1.7,35,1,1.4,66.7,0.8,1.7,2.5,1.1,0.8,0.2,0.2,1.1,10.7,0,0,-0.8
298,Tyus Jones,MIN,22,42,20,22,20.5,5.5,2.1,5.5,38.7,0.5,1.7,30.1,0.7,0.9,83.8,0.3,1.4,1.7,4,0.6,1.3,0.1,0.9,16.9,2,0,0.9
299,Gorgui Dieng,MIN,28,43,21,22,13.9,5.5,2.1,4.3,48.9,0.2,0.7,31,1,1.2,86.5,0.9,3.2,4.1,0.8,0.7,0.5,0.6,2,14.2,0,0,-1.5
300,Aron Baynes,BOS,32,25,14,11,14.2,5.5,1.9,4.2,45.2,0.5,1.5,32.4,1.2,1.4,86.1,1.6,2.7,4.2,1.2,0.7,0.2,0.4,2.2,13.4,0,0,3.4
301,Jake Layman,POR,24,32,19,13,15.1,5.5,2.2,4.4,49.3,0.7,2.1,33.8,0.4,0.7,66.7,0.8,1.8,2.6,0.5,0.5,0.5,0.3,1,11,1,0,-0.1
302,Harry Giles III,SAC,20,30,13,17,11.7,5.5,2.4,5.1,47.4,0,0.2,0,0.7,1.1,58.8,0.9,2.3,3.3,1.4,1.2,0.8,0.3,2.3,13.6,0,0,-4.1
303,Damian Jones,GSW,23,24,15,9,17.1,5.4,2.2,3.1,71.6,0,0,0,1,1.5,64.9,1.3,1.8,3.1,1.2,0.7,0.5,1,2.6,14.9,0,0,0.7
304,Andre Iguodala,GSW,34,37,24,13,23.1,5.3,2,4.3,45.6,0.8,2.1,36.4,0.6,1,63.9,0.7,2.8,3.5,2.9,0.8,0.8,0.8,1.4,17.9,0,0,3.4
305,Courtney Lee,NYK,33,10,1,9,14.9,5.3,2,4.5,44.4,0.5,1.5,33.3,0.8,1.2,66.7,0.6,1.8,2.4,1.4,0.4,0.8,0.2,1.3,12.9,0,0,-2.7
306,Sterling Brown,MIL,23,31,23,8,14.9,5.3,2.1,4.6,45.8,0.8,2.3,34.7,0.3,0.4,75,0.5,2.5,3,1.1,0.5,0.3,0.1,1.4,11.3,0,0,0.2
307,Wayne Selden,CHI,24,36,15,21,14.2,5.3,2,4.9,40.9,0.6,1.9,31.9,0.7,0.9,75,0.5,0.9,1.3,1.2,0.7,0.3,0.2,1.4,9.4,0,0,-1.2
308,Terrance Ferguson,OKC,20,35,22,13,22.1,5.3,1.9,4.7,40.9,1.1,2.8,37.4,0.4,0.5,72.2,0.5,1.2,1.7,0.6,0.5,0.5,0.3,2.8,10,0,0,4.2
309,Marcin Gortat,LAC,34,35,19,16,16.9,5.2,2.2,4.1,52.8,0,0,0,0.9,1.1,79.5,1.5,4.2,5.7,1.6,1.1,0.2,0.6,2.1,15.7,1,0,-1.1
310,Frank Jackson,NOP,20,28,11,17,12.7,5.2,1.9,4.2,44.1,0.8,1.8,41.2,0.7,0.9,80,0.1,0.9,1,0.6,0.6,0.3,0,1.4,7.4,0,0,-1.3
311,Omri Casspi,MEM,30,30,14,16,12.4,5.2,1.9,3.7,52.7,0.3,1.1,31.3,1,1.5,63,0.4,2.6,3,0.7,0.5,0.3,0.2,0.9,11,0,0,1.7
312,Alfonzo McKinnie,GSW,26,33,24,9,14.3,5.2,2,4.4,46.2,0.7,1.8,36.7,0.4,0.8,56,1.3,2.5,3.8,0.5,0.5,0.2,0.2,2,11,1,0,0.3
313,Dwayne Bacon,CHA,23,20,8,12,11.9,5.2,2.1,3.9,53.2,0.6,1.1,52.4,0.5,0.6,83.3,0.1,1.7,1.8,0.8,0.6,0.2,0,1.3,8.2,0,0,1.2
314,Pau Gasol,SAS,38,14,9,5,15.8,5.1,1.9,3.8,49.1,0.3,0.6,50,1.1,1.6,72.7,0.9,5.1,5.9,2.5,0.6,0.1,0.9,1.5,18.4,1,0,-0.4
315,Bruce Brown,DET,22,34,13,21,20.1,5.1,2,5.1,39.3,0.3,1.4,22.4,0.8,1,77.1,0.8,1.9,2.8,1.4,0.7,0.6,0.5,2.7,13,0,0,-1.2
316,Kenneth Faried,BKN,29,12,3,9,9.8,5.1,2.1,3.5,59.5,0.1,0.4,20,0.8,1.3,62.5,1.3,2.4,3.7,0.2,0.5,0.2,0.3,0.7,10.7,2,0,-1.7
317,Greg Monroe,TOR,28,27,19,8,11.3,5.1,2.1,4.5,45.9,0,0.1,0,0.9,1.4,64.1,1.7,2.6,4.3,0.4,0.7,0.3,0.2,1.4,11.8,0,0,-2.6
318,Jalen Jones,CLE,25,16,3,13,13.4,5.1,1.6,3.9,41.9,0.6,1.8,35.7,1.2,1.7,70.4,0.7,1.4,2.1,0.4,0.5,0.6,0.1,1.7,9.8,0,0,-1.6
318,Thon Maker,MIL,21,32,24,8,12.1,5.1,1.8,4.1,44.6,0.8,2.4,33.3,0.6,1.2,54.1,0.5,2.3,2.8,0.5,0.3,0.3,0.6,1.6,11.4,0,0,1.4
320,Nerlens Noel,OKC,24,39,25,14,13.7,5.1,2.1,3.5,59.1,0,0,0,0.9,1.2,72.9,1.7,2.8,4.6,0.5,0.6,1,1.4,2.2,18.1,1,0,-1.6
321,Frank Mason,SAC,24,29,14,15,12.6,5,1.8,4.5,40.5,0.3,1.6,20,1.1,1.6,67.4,0.1,1.1,1.2,2.7,0.9,0.5,0.1,0.8,11.5,0,0,-3.6
322,Jared Dudley,BKN,33,43,21,22,22,5,1.8,4.4,40.5,0.9,2.8,32.2,0.5,0.8,62.9,0.6,2.2,2.8,1.5,0.9,0.7,0.3,2.4,12.6,0,0,-0.5
322,Luc Mbah a Moute,LAC,32,4,2,2,15.3,5,2,4.5,44.4,0.5,1.5,33.3,0.5,1.3,40,0.5,1.3,1.8,0.5,0.5,0.3,0.3,2,8.9,0,0,2.8
324,Raul Neto,UTA,26,19,11,8,12,4.9,1.9,3.7,51.4,0.5,1.4,33.3,0.7,0.7,92.9,0.1,1.4,1.5,2,0.9,0.4,0,1.1,10.1,0,0,2.5
325,Alex Poythress,ATL,25,18,6,12,13.5,4.9,1.9,3.6,53.8,0.4,1,38.9,0.6,1.2,52.4,1.3,1.9,3.3,0.7,0.6,0.2,0.4,2.2,11.2,0,0,-4.4
326,Damion Lee,GSW,26,16,8,8,12.2,4.9,1.7,3.6,46.6,0.8,1.9,41.9,0.7,0.8,84.6,0.2,1.6,1.8,0.2,0.5,0.5,0,1.2,8.3,0,0,-1
327,Donte DiVincenzo,MIL,21,23,17,6,15.6,4.8,1.8,4.7,39.3,0.7,3,24.6,0.4,0.5,81.8,0.6,1.9,2.4,1.2,0.8,0.5,0.3,1.5,11,0,0,3.7
328,Devonte' Graham,CHA,23,22,6,16,13.3,4.8,1.7,4.3,39.4,0.8,2.2,36.7,0.6,0.6,92.9,0,1.2,1.3,2.4,0.6,0.7,0,1.1,11.3,0,0,-2.3
329,Tim Frazier,NOP,28,34,14,20,19.4,4.8,1.8,4,44.9,0.7,1.8,38.3,0.5,0.6,77.3,0.7,2.1,2.8,4.2,1.3,0.5,0.1,2,15,1,0,-0.9
330,Devin Robinson,WAS,23,4,1,3,8,4.8,2,3.3,61.5,0,0,0,0.8,1.5,50,0.5,1.3,1.8,0.5,0,0.8,0.3,0.5,10.6,0,0,1.3
331,Ante Zizic,CLE,22,27,4,23,11.7,4.7,1.8,3.6,50,0,0,0,1.2,1.7,71.1,1.3,2.3,3.7,0.6,0.8,0.1,0.3,1.4,10.5,0,0,-1.4
332,CJ Miles,TOR,31,33,23,10,14.2,4.7,1.5,5,30.1,0.9,3.3,27.3,0.8,1,78.8,0.2,1.5,1.7,0.6,0.5,0.3,0.2,1.4,8.6,0,0,-3.5
333,Wes Iwundu,ORL,24,32,12,20,17.1,4.7,1.6,4.1,38.2,0.3,1.1,28.6,1.3,1.5,81.6,0.3,1.7,2,0.8,0.7,0.3,0.2,1.7,9.2,0,0,-2.5
334,Mitchell Robinson,NYK,20,28,9,19,17.2,4.7,2,3.2,64,0,0,0,0.6,1.1,53.1,2.1,1.8,3.9,0.6,0.6,0.7,1.8,3.2,17.2,1,0,-2.9
335,Hamidou Diallo,OKC,20,36,21,15,12.2,4.7,1.9,3.9,47.5,0.1,0.6,18.2,0.8,1.3,63.8,0.8,1.4,2.3,0.4,0.5,0.4,0.3,1.8,9.6,0,0,-0.5
335,Jahlil Okafor,NOP,23,24,12,12,9.1,4.7,1.9,3.5,53.6,0,0,0,0.9,1.2,78.6,1.1,1.4,2.5,0.3,0.4,0.2,0.3,1.5,9.1,0,0,0.6
335,Raymond Felton,OKC,34,15,10,5,11.1,4.7,1.9,5.1,36.8,0.4,2,20,0.5,0.6,88.9,0.2,1.2,1.4,1.8,0.7,0.4,0.3,0.9,10.3,0,0,-1.7
338,Chandler Hutchison,CHI,22,38,9,29,18.6,4.6,1.9,4.3,44.8,0.3,1,28.9,0.4,0.8,56.7,0.7,3.1,3.8,0.7,0.6,0.4,0.1,1.2,11.3,0,0,-2.5
339,Anthony Tolliver,MIN,33,28,13,15,15,4.5,1.4,3.4,41.7,1.1,3,38.1,0.5,0.7,70,0.3,1.7,2,0.6,0.6,0.4,0.4,1.4,9.3,0,0,-2
340,Miles Plumlee,ATL,30,18,1,17,9.6,4.4,1.8,2.7,66.7,0,0,0,0.9,1.7,53.3,0.9,1.3,2.2,0.9,0.6,0.3,0.2,0.8,9.6,0,0,-2.4
341,Zaza Pachulia,DET,34,32,15,17,13.1,4.4,1.3,3.2,41.2,0,0.1,0,1.8,2.3,77,1.8,2.7,4.4,1.5,0.8,0.7,0.3,2.2,14,0,0,-0.1
342,Mike Scott,LAC,30,42,24,18,14.4,4.4,1.6,4.4,37.5,0.9,2.5,34.9,0.2,0.4,62.5,0.5,2.9,3.4,0.9,0.5,0.4,0.2,1.7,10.9,0,0,0.6
343,Glenn Robinson III,DET,25,28,12,16,14.6,4.4,1.5,4,38.1,0.4,1.4,27.5,0.9,1.1,83.9,0.3,1,1.4,0.5,0.5,0.4,0.2,1,7.9,0,0,-1.4
344,Ian Mahinmi,WAS,32,24,8,16,14.7,4.4,1.4,2.8,49.3,0,0.5,9.1,1.6,2.4,66.7,1.6,2.3,3.9,0.8,0.6,0.8,0.6,2.5,13.7,0,0,0.5
345,Jon Leuer,DET,29,27,9,18,11,4.4,1.8,3,60.5,0,0.3,0,0.7,0.9,80,0.7,2,2.7,0.4,0.6,0.4,0.1,1.6,9,0,0,-3
346,Shaun Livingston,GSW,33,31,19,12,15.7,4.4,1.8,3.9,45.5,0,0.1,0,0.8,1.1,75.8,0.7,1.4,2.1,2.1,0.7,0.6,0.5,1.2,12.6,0,0,-0.3
347,Royce O'Neale,UTA,25,44,23,21,16.6,4.3,1.7,3.7,45.3,0.7,1.7,39.7,0.4,0.5,72.7,0.3,2.8,3.1,1.2,0.8,0.6,0.2,1.8,11.4,0,0,-0.7
348,Michael Carter-Williams,CHI,27,16,7,9,9,4.3,1.6,3.8,41,0.4,1.2,36.8,0.8,1.6,46.2,0.2,0.6,0.8,1.3,0.6,0.6,0.4,1.7,9.4,0,0,-4
349,Jaron Blossomgame,CLE,25,17,3,14,16.6,4.3,1.7,3.8,45.3,0.5,1.6,33.3,0.4,0.4,85.7,1,2.6,3.6,0.5,0.5,0.4,0.2,0.5,10.7,1,0,-1.3
350,Grayson Allen,UTA,23,18,8,10,9.9,4.2,1.2,3.7,33.3,0.7,2.4,27.3,1.1,1.5,74.1,0.1,0.3,0.3,0.4,0.6,0.1,0.1,1,4.9,0,0,-3
351,Christian Wood,MIL,23,6,6,0,6.1,4.2,1.5,2.8,52.9,0.3,0.7,50,0.8,1,83.3,0.7,2,2.7,0.3,0.3,0,0,0.3,7.5,0,0,-0.8
351,Patrick Patterson,OKC,29,42,26,16,14.8,4.2,1.5,4,36.1,0.8,2.5,32.7,0.4,0.7,64.3,0.7,1.9,2.5,0.5,0.4,0.3,0.2,0.8,9.3,0,0,-0.7
353,Jerian Grant,ORL,26,40,17,23,17.5,4.1,1.5,3.9,39.6,0.7,1.9,34.7,0.4,0.6,62.5,0.4,1.4,1.7,2.9,1,0.8,0.1,1.5,12.2,0,0,-4.2
354,J.P. Macura,CHA,23,1,0,1,13.8,4,2,8,25,0,4,0,0,0,0,0,2,2,2,0,0,0,0,9.4,0,0,-7
354,Jordan Loyd,TOR,25,3,2,1,5.8,4,1,1,100,0.7,0.7,100,1.3,1.3,100,0.3,1.3,1.7,0.3,0.3,0,0,0.7,6.2,0,0,4
354,Nene,HOU,36,17,12,5,13.5,4,1.6,3.1,50.9,0,0.1,0,0.8,1.1,77.8,0.8,2.7,3.5,0.6,0.2,0.4,0.3,2.3,10.8,0,0,3.3
357,Tyrone Wallace,LAC,24,32,18,14,10.1,4,1.8,3.8,46.7,0,0.3,0,0.5,1,45.5,0.4,1.2,1.6,0.6,0.4,0.4,0.2,1.3,8.3,0,0,1.8
358,Joakim Noah,MEM,33,17,5,12,11.8,3.9,1.6,3.4,46.6,0,0,0,0.8,1.5,52,0.9,2.5,3.5,1.1,1.2,0.3,0.6,1.8,11.1,0,0,-1.2
359,Solomon Hill,NOP,27,28,12,16,20.9,3.9,1.4,3.6,39.6,0.6,2,31.6,0.4,0.7,63.2,0.9,2.3,3.2,1.2,0.8,0.6,0.3,1.7,11.3,0,0,-0.7
360,Kosta Koufos,SAC,29,26,14,12,13.5,3.9,1.8,3.8,48,0,0,0,0.2,0.5,38.5,1.5,3.5,5,1,0.7,0.5,0.4,1.9,13.3,0,0,0.1
361,Bismack Biyombo,CHA,26,17,5,12,12.5,3.9,1.6,2.9,57.1,0,0,0,0.6,1.1,52.6,1.4,2.8,4.2,0.4,0.5,0.2,1,1.8,12.7,1,0,-3.6
362,Ian Clark,NOP,27,30,15,15,13.5,3.8,1.4,4,36.1,0.6,1.9,31,0.4,0.4,91.7,0.2,1.3,1.4,1.3,0.7,0.2,0.1,1.4,7.9,0,0,-0.9
363,Ben McLemore,SAC,25,17,7,10,8.4,3.8,1.3,3.4,38.6,0.9,2.2,40.5,0.4,0.5,66.7,0.1,0.8,0.9,0.2,0.2,0.4,0.1,1.1,6.4,0,0,-0.3
364,Tyson Chandler,LAL,36,38,19,19,18.1,3.8,1.3,2.2,60.7,0,0,0,1.1,1.8,62.7,2.1,4.6,6.7,0.8,0.8,0.5,0.4,2.3,15,3,0,0
365,Abdel Nader,OKC,25,24,17,7,8.1,3.8,1.5,2.8,54.4,0.4,1,43.5,0.3,0.3,100,0.2,1.3,1.4,0.3,0.4,0.2,0.1,0.9,6.3,0,0,-2.1
365,Dante Cunningham,SAS,31,40,22,18,17.5,3.8,1.4,3.1,46.7,0.7,1.3,49.1,0.3,0.3,83.3,1,3,4,1,0.5,0.5,0.3,1.4,12,0,0,-2.6
365,Wesley Johnson,NOP,31,24,11,13,15.4,3.8,1.4,3.4,40.2,0.8,2,39.6,0.2,0.3,83.3,0.4,1.8,2.3,0.7,0.5,0.4,0.3,1.8,9.1,0,0,-3.2
368,Ryan Anderson,PHX,30,15,3,12,18.5,3.7,1.3,4,31.7,0.5,2.3,20.6,0.7,0.9,78.6,0.9,2.1,3,1.1,0.8,0.2,0.1,1.5,9,0,0,-5.5
369,Tyler Dorsey,ATL,22,22,2,20,10.2,3.7,1.3,3.7,35.4,0.4,1.6,22.9,0.7,1.1,62.5,0.4,1.5,1.9,0.7,0.5,0.3,0,0.8,7.6,0,0,0
370,Semi Ojeleye,BOS,24,31,22,9,11.2,3.7,1.4,3.3,42.2,0.5,1.9,28.8,0.4,0.5,64.7,0.5,1.3,1.7,0.4,0.4,0.2,0.1,0.8,6.7,0,0,1.9
371,Demetrius Jackson,PHI,24,6,5,1,6.6,3.7,1.3,2.5,53.3,0.3,1,33.3,0.7,0.7,100,0.3,0.2,0.5,0.8,0.2,0.3,0,0.7,6.4,0,0,-1.8
371,Khyri Thomas,DET,22,9,4,5,7.9,3.7,1.1,2.6,43.5,0.8,1.4,53.8,0.7,1,66.7,0.2,0.8,1,0.3,0.2,0.3,0,0.4,6.1,0,0,-0.6
373,Channing Frye,CLE,35,21,3,18,9.5,3.6,1.2,3.3,36.2,1,2.3,40.8,0.3,0.3,85.7,0.1,1.3,1.5,0.5,0.4,0.2,0.1,1.3,6.7,0,0,-4.6
373,Kyle O'Quinn,IND,28,21,13,8,8.5,3.6,1.6,3.2,48.5,0,0.4,11.1,0.4,0.5,90,0.8,2,2.8,1.4,0.7,0.1,0.6,1.6,10.6,1,0,0.4
375,Amir Johnson,PHI,31,34,23,11,9.3,3.6,1.4,2.7,52.2,0.2,0.6,36.4,0.6,0.7,76,0.7,1.8,2.5,1.1,0.9,0.3,0.2,1.9,8.9,0,0,-2.1
376,Dirk Nowitzki,DAL,40,12,4,8,10.2,3.6,1.3,4.3,29.4,0.6,2.6,22.6,0.5,0.5,100,0,1.8,1.8,0.3,0.3,0.1,0.3,1.3,7.1,0,0,-3.6
377,Jason Smith,MIL,32,15,7,8,10.2,3.5,1.2,3,40,0.4,0.9,42.9,0.7,0.8,83.3,0.9,2.1,3,0.8,0.7,0.1,0.5,1.5,9.4,0,0,-2.4
378,Moritz Wagner,LAL,21,13,6,7,6.7,3.5,1.2,3.3,37.2,0.5,1.5,35,0.5,0.7,66.7,0.4,1.3,1.7,0.5,0.5,0.2,0.1,1.1,6.5,0,0,-2.2
379,Lance Thomas,NYK,30,17,3,14,15.1,3.4,1.2,3.4,36.2,0.3,1.4,21.7,0.6,0.8,84.6,0.5,2.1,2.6,0.5,0.6,0.6,0.2,2.1,9.2,0,0,-1.4
380,Luol Deng,MIN,33,5,3,2,7.3,3.4,1.4,3,46.7,0.2,1.2,16.7,0.4,0.6,66.7,1.2,1.2,2.4,0.2,0.4,0.6,0.2,0.8,8.6,0,0,2.8
381,Jonah Bolden,PHI,23,18,11,7,12.4,3.4,1.4,2.8,49,0.2,1.3,16.7,0.4,0.9,43.8,1,2.2,3.2,0.6,0.9,0.3,0.7,2,10.1,0,0,0.7
382,Shake Milton,PHI,22,11,7,4,7.7,3.4,1.2,2.9,40.6,0.6,1.5,41.2,0.4,0.5,80,0.5,0.8,1.4,0.9,0.2,0.3,0.3,0.9,7.8,0,0,-0.2
383,Chris Boucher,TOR,26,12,7,5,4.8,3.3,1.1,2.4,44.8,0.7,1.4,47.1,0.5,0.7,75,0.7,0.8,1.5,0,0.2,0.2,1.1,0.8,8.7,0,0,-1.3
384,Cheick Diallo,NOP,22,29,15,14,9.5,3.3,1.3,2.3,58.2,0,0,0,0.6,0.8,75,0.9,2.7,3.5,0.3,0.7,0.4,0.4,1.2,9.8,1,0,-0.7
385,Johnathan Williams,LAL,23,7,4,3,12.8,3.3,1.6,2.9,55,0,0,0,0.1,0.7,20,1.6,1.4,3,0.6,0.3,0.1,0.6,2.9,9.6,0,0,-2.3
386,Deonte Burton,OKC,24,15,11,4,8.8,3.3,1.3,3.1,43.5,0.3,0.9,30.8,0.3,0.4,83.3,0.1,1,1.1,0.3,0.5,0.2,0.3,1.1,6.2,0,0,0.9
387,Gary Clark,HOU,24,28,15,13,15.2,3.3,1.1,3.3,32.3,0.9,3,29.8,0.2,0.2,100,0.5,2.1,2.7,0.5,0.1,0.4,0.6,1.1,10.1,0,0,0.4
388,Milos Teodosic,LAC,31,15,8,7,10,3.2,1.1,2.7,42.5,0.7,1.8,37,0.3,0.5,57.1,0.2,0.9,1.1,2.1,1.4,0.2,0.1,1.8,7.1,0,0,1.7
389,Andrew Harrison,NOP,24,17,6,11,10.9,3.2,0.9,3.1,30.2,0.3,1.5,20,1,1.1,94.4,0.4,0.8,1.2,1.4,0.7,0.2,0.1,2,7.1,0,0,-1.3
390,Daniel Hamilton,ATL,23,14,5,9,11.2,3.1,1.3,3.1,40.9,0.4,1.1,31.3,0.2,0.4,50,0.6,1.9,2.4,1.2,0.9,0.3,0,0.9,7.9,0,0,-2.1
391,Cristiano Felicio,CHI,26,27,5,22,10.4,3.1,1.2,2.2,55.9,0,0.1,0,0.6,0.9,73.9,0.9,2.1,2.9,0.5,0.5,0.1,0.1,0.9,7.4,0,0,-2.3
392,Thabo Sefolosha,UTA,34,26,11,15,11.1,3,1.1,2.2,50,0.5,1.1,46.4,0.3,0.5,57.1,0.2,2.7,2.8,0.4,0.6,0.9,0,0.9,9.2,1,0,1.3
393,Brandon Knight,HOU,27,12,9,3,9.8,3,0.9,3.9,23.4,0.4,2.7,15.6,0.8,0.9,81.8,0.1,0.7,0.8,0.8,0.4,0.2,0,1.2,5.1,0,0,-1.4
393,Georges Niang,UTA,25,30,19,11,6.7,3,1,2.4,42.5,0.7,1.7,40,0.3,0.3,88.9,0.1,0.9,1.1,0.5,0.3,0.2,0.1,0.9,5.6,0,0,-1.8
393,Haywood Highsmith,PHI,22,1,1,0,5.2,3,1,2,50,1,2,50,0,0,0,0,0,0,1,0,0,0,0,4.5,0,0,-2
393,Johnathan Motley,LAC,23,4,3,1,2.6,3,1,2,50,0,0.5,0,1,1.3,80,0.8,0.3,1,0,0.3,0,0,0.3,4,0,0,-3
393,Lonnie Walker IV,SAS,20,1,1,0,4.7,3,1,2,50,1,1,100,0,0,0,0,1,1,0,0,0,0,0,4.2,0,0,-9
393,Skal Labissiere,SAC,22,11,3,8,9,3,1.1,2.5,44.4,0.3,0.9,30,0.5,1,54.5,0.2,1.6,1.8,0.4,0.5,0.2,0.2,1.7,6.3,0,0,-0.8
393,Vincent Edwards,HOU,22,1,1,0,3.7,3,1,2,50,1,2,50,0,0,0,1,0,1,0,0,0,0,0,4.2,0,0,-5
400,Justin Anderson,ATL,25,23,8,15,8.8,3,1.1,3,38.2,0.3,1.3,20,0.4,0.6,76.9,0.4,1.2,1.6,0.5,0.5,0.4,0.3,1.1,7.2,0,0,-0.9
401,TJ Leaf,IND,21,22,16,6,7.7,3,1.3,2.6,49.1,0.1,0.7,20,0.3,0.5,54.5,0.6,1.2,1.8,0.4,0.3,0.1,0.1,0.7,6,0,0,1.3
402,Robert Williams III,BOS,21,20,13,7,8.8,2.9,1.3,1.7,78.8,0,0,0,0.3,0.5,60,0.9,1.8,2.7,0.2,0.4,0.3,1.4,1.1,10.9,0,0,-1.7
403,Svi Mykhailiuk,LAL,21,29,14,15,9.8,2.9,1,2.9,34.1,0.6,1.9,32.7,0.3,0.5,53.3,0.2,0.4,0.6,0.8,0.6,0.3,0,0.5,5.2,0,0,-0.2
404,Brad Wanamaker,BOS,29,18,15,3,7.4,2.9,1,2.2,45,0.4,0.8,46.7,0.5,0.6,90,0,0.8,0.8,1.4,0.6,0.3,0,0.4,6.4,0,0,0.3
405,Jerome Robinson,LAC,21,8,5,3,5,2.9,1.1,2.3,50,0.6,1.1,55.6,0,0,0,0,0.4,0.4,0.1,0.1,0,0,0.8,3.4,0,0,2
406,Marcus Derrickson,GSW,22,6,5,1,5.7,2.8,1,2.5,40,0.3,1.2,28.6,0.5,0.7,75,0.3,0.3,0.7,0,0.5,0,0.2,1.3,3.6,0,0,-5.2
407,Gary Trent Jr.,POR,19,5,4,1,5.9,2.8,1,3.4,29.4,0.6,1.6,37.5,0.2,0.8,25,0,0.8,0.8,0.2,0.2,0,0.2,0.2,4.5,0,0,-1.4
408,Jordan Bell,GSW,24,40,26,14,11.3,2.8,1.2,2.3,53.3,0,0,0,0.4,0.5,66.7,0.7,1.9,2.6,1.2,0.5,0.4,0.8,1.3,10.6,0,0,-1
409,Theo Pinson,BKN,23,7,2,5,10.4,2.7,1,2.9,35,0.1,1.6,9.1,0.6,0.6,100,0.1,1.3,1.4,1.7,0.6,0.1,0,0.7,6.9,0,0,-1.1
409,Treveon Graham,BKN,25,7,4,3,18.2,2.7,1,5,20,0.4,3.1,13.6,0.3,0.3,100,0.9,1.3,2.1,0.9,0.7,0.4,0.4,1.6,8.4,0,0,2
411,Jevon Carter,MEM,23,9,0,9,13.9,2.7,1.1,4.2,26.3,0.4,2.4,18.2,0,0,0,0,1.1,1.1,1.6,0.8,0.9,0.2,1.9,8.9,0,0,-3.7
412,Jose Calderon,DET,37,35,12,23,14.6,2.5,1.1,3,35.6,0.3,1.4,20.8,0.1,0.2,71.4,0.3,1.2,1.4,2.6,0.8,0.4,0.1,1.5,8.7,0,0,-2.6
413,Ryan Broekhoff,DAL,28,17,7,10,6,2.5,0.9,2.1,45.7,0.5,1.6,33.3,0.1,0.1,100,0.1,0.8,0.9,0.4,0.3,0.1,0.1,0.2,4.4,0,0,2.1
414,Ivan Rabb,MEM,21,14,7,7,6.2,2.5,1.1,1.7,62.5,0,0.1,0,0.4,0.5,71.4,0.9,1.5,2.4,0.7,0.7,0.1,0.1,1.1,6.3,0,0,-0.3
414,Jaylen Morris,MIL,23,4,4,0,7.1,2.5,1,2.5,40,0.3,0.8,33.3,0.3,0.5,50,0,1.3,1.3,1,0.3,0.5,0,0.3,6.8,0,0,3
414,Troy Caupain,ORL,23,2,1,1,4.6,2.5,1,2,50,0.5,1,50,0,0,0,0,1,1,1.5,0,0.5,0,0,7.5,0,0,5.5
417,Khem Birch,ORL,26,18,4,14,8.3,2.4,0.8,1.7,48.4,0,0.1,0,0.7,0.9,81.3,0.7,1.8,2.4,0.3,0.2,0.3,0.5,0.8,8.2,0,0,0.6
418,Salah Mejri,DAL,32,13,9,4,6.4,2.4,1,1.7,59.1,0,0.2,0,0.4,0.5,83.3,0.6,1.5,2.2,0.5,0.2,0.2,0.1,1.2,6.1,0,0,1.8
419,Drew Eubanks,SAS,21,11,6,5,4.1,2.4,0.9,1.3,71.4,0,0,0,0.5,0.7,75,0.1,1,1.1,0.2,0.2,0.1,0,0.4,4,0,0,3.6
420,Jerryd Bayless,MIN,30,6,3,3,9.6,2.3,0.8,3.5,23.8,0.5,1.8,27.3,0.2,0.5,33.3,0.2,0.7,0.8,1.7,0.8,0.3,0,0.8,6,0,0,-6.8
421,Chimezie Metu,SAS,21,19,10,9,5.5,2.3,0.8,2.2,38.1,0,0.1,0,0.6,0.8,80,0.4,0.9,1.4,0.6,0.5,0.3,0.1,0.4,5.4,0,0,0.6
422,Isaiah Briscoe,ORL,22,20,6,14,8.8,2.3,0.9,2.4,38.3,0.2,0.5,40,0.3,0.7,46.2,0.1,0.7,0.8,1.2,0.5,0.1,0,1.2,4.8,0,0,-0.4
423,Troy Brown Jr.,WAS,19,21,9,12,7.1,2.3,0.8,2.3,34.7,0.1,0.5,30,0.5,0.7,78.6,0.2,1.1,1.3,1,0.3,0.3,0,0.5,6.1,0,0,0.5
424,Nick Young,DEN,33,4,3,1,9.3,2.3,0.8,2.3,33.3,0.8,2,37.5,0,0,0,0,0.3,0.3,0.5,0.5,0,0.3,1,3.6,0,0,-1.3
425,Jarell Martin,ORL,24,26,9,17,7.7,2.2,0.9,2.3,39,0.2,0.8,18.2,0.3,0.3,87.5,0.3,1.4,1.7,0.4,0.3,0.1,0.2,1,5.4,0,0,0.5
426,Dragan Bender,PHX,21,12,2,10,8.4,2.2,0.8,2.1,36,0.2,1.2,14.3,0.5,0.6,85.7,0.4,1.1,1.5,0.6,0.5,0.1,0.1,0.7,4.8,0,0,-0.3
427,Isaiah Hartenstein,HOU,20,22,11,11,8.1,2.1,0.8,1.5,50,0.1,0.2,40,0.5,0.6,78.6,0.8,0.8,1.6,0.5,0.5,0.2,0.4,2,6,0,0,2
428,Lorenzo Brown,TOR,28,26,20,6,8.2,2.1,0.9,2.7,32.4,0.2,1.1,21.4,0.1,0.1,100,0.2,1,1.2,1.1,0.6,0.5,0.2,0.8,6.5,0,0,-1.3
429,Marquese Chriss,HOU,21,11,7,4,6.3,2.1,0.9,2.5,35.7,0.1,1.1,8.3,0.2,0.3,66.7,0.5,1,1.5,0.5,0.6,0.2,0.3,1.2,5.4,0,0,-2.6
430,James Nunnally,MIN,28,13,7,6,4.9,2.1,0.7,1.6,42.9,0.4,1,38.5,0.3,0.3,100,0,0.3,0.3,0.4,0.1,0.1,0,0.3,3.2,0,0,-1.2
431,Quincy Pondexter,SAS,30,32,17,15,5.9,2,0.5,1.1,48.6,0.2,0.4,35.7,0.8,1,78.8,0.2,0.9,1.1,0.5,0.3,0.3,0,0.6,4.6,0,0,1.4
432,Amile Jefferson,ORL,25,1,0,1,3.8,2,0,1,0,0,0,0,2,2,100,1,0,1,0,0,0,0,1,3.2,0,0,6
432,DJ Stephens,MEM,28,1,0,1,6.7,2,1,2,50,0,0,0,0,0,0,0,0,0,0,1,1,0,0,4,0,0,-3
432,Ekpe Udoh,UTA,31,27,16,11,5.6,2,0.9,1.1,80,0,0,0,0.2,0.4,50,0.3,0.9,1.2,0.4,0.3,0.1,0.5,0.8,5.6,0,0,-0.9
432,Keita Bates-Diop,MIN,22,2,0,2,8.9,2,1,4,25,0,2,0,0,0,0,0,1.5,1.5,0,0,0,0.5,0.5,5.3,0,0,-2
432,Wade Baldwin IV,POR,22,13,7,6,5.5,2,0.6,2,30.8,0.2,0.5,28.6,0.6,0.8,72.7,0.1,0.6,0.7,0.8,0.8,0,0.2,0.5,3.6,0,0,-4
432,Zhou Qi,HOU,22,1,0,1,1,2,1,1,100,0,0,0,0,0,0,0,0,0,0,0,0,0,0,2,0,0,-2
438,Guerschon Yabusele,BOS,23,24,17,7,5.7,2,0.7,1.7,41.5,0.2,0.7,25,0.4,0.5,75,0.4,0.6,1,0.4,0.3,0.2,0.2,1,4.7,0,0,-0.1
439,Caleb Swanigan,POR,21,16,8,8,8.4,1.9,0.8,2.4,31.6,0.1,0.3,25,0.4,0.4,85.7,0.8,2.3,3.1,0.4,0.9,0.3,0,1.1,6.2,1,0,-3.3
440,Anfernee Simons,POR,19,8,6,2,6.7,1.9,0.9,2.6,33.3,0,0.9,0,0.1,0.5,25,0,0.9,0.9,0.5,0.8,0,0,0.4,2.9,0,0,-2.6
441,Timothe Luwawu-Cabarrot,OKC,23,19,14,5,6.3,1.8,0.7,2.2,31,0.3,1.2,22.7,0.2,0.3,66.7,0.2,0.7,0.9,0.2,0.3,0.2,0.1,0.7,3.8,0,0,-2.2
442,PJ Dozier,BOS,22,4,4,0,2.5,1.8,0.8,1.5,50,0.3,0.5,50,0,0,0,0.5,0.5,1,0,0,0,0,0.3,3,0,0,3
443,Dzanan Musa,BKN,19,7,3,4,3.7,1.7,0.9,2,42.9,0,0.9,0,0,0.3,0,0.1,0.3,0.4,0.1,0.4,0.3,0,0.1,2.9,0,0,0.4
444,C.J. Williams,MIN,28,6,2,4,8.9,1.7,0.8,2.3,35.7,0,1,0,0,0,0,0,0.3,0.3,0.5,0.5,0.2,0,1.7,2.8,0,0,-6.2
444,Patrick McCaw,TOR,23,3,0,3,17.6,1.7,0.7,3,22.2,0.3,1.3,25,0,0,0,0,1,1,0.7,1,0.7,0,0.3,4.9,0,0,-7
446,Thomas Welsh,DEN,22,8,6,2,3.2,1.6,0.6,1.3,50,0.4,0.9,42.9,0,0,0,0,0.4,0.4,0.4,0.1,0,0,0.1,2.5,0,0,0.1
447,Duncan Robinson,MIA,24,4,2,2,7.3,1.5,0.5,1.5,33.3,0.5,1.5,33.3,0,0,0,0,1.3,1.3,0,0,0.3,0,0.3,3.8,0,0,-0.3
447,Rawle Alkins,CHI,21,2,1,1,2.2,1.5,0.5,2,25,0.5,0.5,100,0,0,0,1.5,0,1.5,1,0,0.5,0,0,6.3,0,0,2.5
447,Yuta Watanabe,MEM,24,4,2,2,4.8,1.5,0.5,1.3,40,0,0.5,0,0.5,0.5,100,0,1.3,1.3,0,0.3,0,0.3,0,3.5,0,0,0.3
450,Tyler Lydon,DEN,22,13,11,2,3.5,1.5,0.5,0.7,77.8,0.3,0.4,80,0.1,0.2,50,0.3,0.4,0.7,0.2,0.1,0.2,0,0.4,2.9,0,0,0.2
451,Brandon Goodwin,DEN,23,9,5,4,3.1,1.4,0.3,0.9,37.5,0.2,0.2,100,0.6,0.6,100,0,0.2,0.2,1.1,0.2,0,0,0.8,3.2,0,0,2.6
452,Malachi Richardson,TOR,23,20,14,6,4.9,1.4,0.4,1.4,29.6,0.4,1.2,30.4,0.2,0.3,80,0.1,0.6,0.7,0,0.4,0.1,0,0.7,1.9,0,0,-0.3
453,Jared Terrell,MIN,23,3,1,2,8.5,1.3,0.3,4,8.3,0.3,1.3,25,0.3,0.7,50,0.3,0.3,0.7,0.7,1,0.7,0.3,0.7,5.1,0,0,-2.7
453,Udonis Haslem,MIA,38,3,3,0,4.8,1.3,0.7,2,33.3,0,0.7,0,0,0,0,0.3,1.3,1.7,0,0.7,0,0,1,2.7,0,0,-1.3
455,Kenrich Williams,NOP,24,12,6,6,5.5,1.3,0.5,1.5,33.3,0.1,0.4,20,0.2,0.2,100,0.3,0.7,0.9,0.2,0.3,0.1,0,1.1,2.6,0,0,-0.7
455,Naz Mitrou-Long,UTA,25,4,2,2,4,1.3,0.5,1,50,0.3,0.8,33.3,0,0,0,0,0,0,0.3,0.8,0,0,0.8,0.9,0,0,-0.8
457,Sindarius Thornwell,LAC,24,27,15,12,5.2,1.1,0.4,1,42.3,0,0.3,12.5,0.3,0.3,88.9,0.1,0.8,0.9,0.3,0.4,0.1,0.1,0.9,2.9,0,0,-1.7
458,DeVaughn Akoon-Purcell,DEN,25,7,7,0,3.1,1,0.4,1.4,30,0,0.6,0,0.1,0.3,50,0.1,0.4,0.6,0.9,0.3,0.3,0,0.6,3.5,0,0,0.1
458,Isaac Bonga,LAL,19,6,2,4,3.6,1,0.3,1.3,25,0,0.2,0,0.3,0.5,66.7,0.3,0.3,0.7,0.7,0.3,0.5,0,0.5,4,0,0,-1
458,Jawun Evans,PHX,22,4,3,1,11.5,1,0.5,2.5,20,0,0.5,0,0,0,0,0.3,2.3,2.5,2,1,0.5,0,1.5,7.5,0,0,-6.3
461,Ron Baker,WAS,25,15,4,11,10.1,0.9,0.3,1.3,20,0.1,0.9,7.7,0.3,0.4,83.3,0.1,0.7,0.7,1,0.3,0.4,0.1,1.2,4.4,0,0,-1.3
462,Jaylen Adams,ATL,22,8,2,6,3.4,0.8,0.3,0.8,33.3,0.3,0.6,40,0,0,0,0,0.4,0.4,0.5,0.1,0.1,0.1,0,2.6,0,0,1.3
463,Jacob Evans,GSW,21,21,15,6,4.4,0.6,0.3,1.1,26.1,0,0.3,16.7,0,0,0,0,0.3,0.4,0.5,0.2,0,0,0.6,1.9,0,0,-1.4
464,Edmond Sumner,IND,23,9,7,2,3.8,0.6,0.2,0.9,25,0.1,0.4,25,0,0.2,0,0.2,0.1,0.3,0.1,0.4,0.1,0,0.6,1,0,0,-1.6
465,Alize Johnson,IND,22,6,4,2,3.4,0.5,0.2,1,16.7,0,0,0,0.2,0.7,25,0.2,1,1.2,0,0,0,0.2,0.5,2.4,0,0,-0.8
465,Jordan McRae,WAS,27,8,3,5,4.4,0.5,0.3,1.4,18.2,0,0.4,0,0,0,0,0.1,0.5,0.6,0.3,0,0.1,0.1,0,2.4,0,0,-1.4
467,Quincy Acy,PHX,28,3,2,1,8.6,0.3,0,0.7,0,0,0.7,0,0.3,0.7,50,0,0.3,0.3,0,0.3,0,0,2,0.4,0,0,2.7
468,Alex Caruso,LAL,24,2,0,2,2.6,0,0,0,0,0,0,0,0,0,0,0.5,0,0.5,0,0,0,0,1,0.6,0,0,-3
468,Daryl Macon,DAL,23,1,0,1,0.9,0,0,0,0,0,0,0,0,0,0,0,0,0,0,0,0,0,0,0,0,0,3
468,Davon Reed,IND,23,4,2,2,2.4,0,0,0.3,0,0,0,0,0,0,0,0,0,0,0,0,0,0,0.3,0,0,0,2.5
468,Eric Moreland,PHX,27,1,0,1,5,0,0,0,0,0,0,0,0,0,0,0,3,3,0,0,0,0,1,3.6,0,0,3
468,George King,PHX,24,1,0,1,5.9,0,0,0,0,0,0,0,0,0,0,0,1,1,0,0,0,0,0,1.2,0,0,-9
468,Ike Anigbogu,IND,20,3,2,1,2.1,0,0,1,0,0,0,0,0,0,0,0.3,0.7,1,0.3,0.3,0,0.3,0,2.4,0,0,-0.7
468,John Holland,CLE,30,1,0,1,0.7,0,0,0,0,0,0,0,0,0,0,0,0,0,0,0,0,0,0,0,0,0,1
468,Melvin Frazier Jr.,ORL,22,3,1,2,5.4,0,0,1,0,0,0.3,0,0,0,0,0,0.3,0.3,0,0.3,0.3,0,1,1.1,0,0,-1.7
468,Okaro White,WAS,26,3,2,1,2.1,0,0,0.7,0,0,0.7,0,0,0,0,0.3,0.3,0.7,0,0,0,0,0,0.8,0,0,-1
468,Ray Spalding,DAL,21,1,0,1,0.9,0,0,0,0,0,0,0,0,0,0,0,0,0,0,0,0,0,0,0,0,0,-2
468,Tony Bradley,UTA,21,1,1,0,8.6,0,0,3,0,0,0,0,0,0,0,2,1,3,0,1,0,0,1,2.6,0,0,-10
468,Tyler Cavanaugh,UTA,24,2,1,1,1.9,0,0,0.5,0,0,0.5,0,0,0,0,0.5,0,0.5,0,0,0,0,0,0.6,0,0,-2
468,Tyler Davis,OKC,21,1,1,0,0.9,0,0,1,0,0,0,0,0,0,0,1,0,1,0,0,0,0,0,1.2,0,0,0
468,Tyler Ulis,CHI,23,1,0,1,0.8,0,0,0,0,0,0,0,0,0,0,0,0,0,0,0,0,0,0,0,0,0,0
468,Zach Lofton,DET,26,1,1,0,3.8,0,0,1,0,0,1,0,0,0,0,0,0,0,0,1,1,0,0,2,0,0,0